system:index,B1,B10,B11,B12,B2,B3,B4,B5,B6,B7,B8,B8A,B9,Latitude,Longitude,NDVI,NDWI,QA10,QA20,QA60,.geo
0_+861757+203982,1448.0,25.0,1635.0,1103.0,1202.0,1071.0,1100.0,1175.0,1422.0,1697.0,1566.0,1875.0,285.0,18.32405974429103,77.41299334546285,0.17479370534420013,-0.021555764600634575,0.0,0.0,0.0,
0_+861758+203982,1445.0,24.0,1496.0,1076.0,1207.0,1081.0,1098.0,1142.0,1321.0,1486.0,1434.0,1603.0,282.0,18.32405974429103,77.41308317699126,0.13270142674446106,-0.021160408854484558,0.0,0.0,0.0,
0_+861758+203983,1379.0,16.5,1500.5,1089.5,1170.0,1070.5,1127.0,1151.5,1347.0,1515.5,1350.0,1624.5,352.0,18.32414957581944,77.41308317699126,0.0903027281165123,-0.05285939574241638,0.0,0.0,0.0,
0_+861758+203984,1379.0,16.5,1391.0,1093.0,1182.5,1068.5,1128.5,1120.5,1216.5,1330.5,1304.5,1463.5,352.0,18.324239407347854,77.41308317699126,0.07221750915050507,-0.03225952386856079,0.0,0.0,0.0,
0_+861758+203985,1379.0,16.5,1391.0,1093.0,1172.5,1045.5,1098.0,1120.5,1216.5,1330.5,1242.0,1463.5,352.0,18.324329238876263,77.41308317699126,0.061192210763692856,-0.05686306208372116,0.0,0.0,0.0,
0_+861758+203986,1379.0,17.0,1297.5,1014.5,1147.0,1025.0,1056.0,1067.0,1150.5,1262.5,1177.5,1355.0,322.0,18.324419070404677,77.41308317699126,0.05411725118756294,-0.048710793256759644,0.0,0.0,0.0,
0_+861759+203982,1379.0,16.5,1500.5,1089.5,1155.0,1059.0,1090.0,1151.5,1347.0,1515.5,1357.0,1624.5,352.0,18.32405974429103,77.41317300851968,0.10839423537254333,-0.05115126073360443,0.0,0.0,0.0,
0_+861759+203983,1379.0,16.5,1500.5,1089.5,1186.5,1081.5,1139.5,1151.5,1347.0,1515.5,1301.5,1624.5,352.0,18.32414957581944,77.41317300851968,0.06623125076293945,-0.07113943994045258,0.0,0.0,0.0,
0_+861759+203984,1379.0,16.5,1391.0,1093.0,1170.5,1073.0,1131.5,1120.5,1216.5,1330.5,1293.0,1463.5,352.0,18.324239407347854,77.41317300851968,0.06654828041791916,-0.03653188794851303,0.0,0.0,0.0,
0_+861759+203985,1379.0,16.5,1391.0,1093.0,1167.0,1062.0,1108.5,1120.5,1216.5,1330.5,1257.0,1463.5,352.0,18.324329238876263,77.41317300851968,0.06267742067575455,-0.050672002136707306,0.0,0.0,0.0,
0_+861759+203986,1379.0,17.0,1297.5,1014.5,1161.5,1043.5,1087.0,1067.0,1150.5,1262.5,1216.5,1355.0,322.0,18.324419070404677,77.41317300851968,0.056046128273010254,-0.03237142041325569,0.0,0.0,0.0,
0_+861759+203987,1379.0,17.0,1297.5,1014.5,1148.0,1019.0,1059.0,1067.0,1150.5,1262.5,1174.5,1355.0,322.0,18.32450890193309,77.41317300851968,0.0516834519803524,-0.04978339001536369,0.0,0.0,0.0,
0_+861759+203988,1379.0,17.0,1232.5,974.5,1146.0,1012.0,1047.5,1022.0,1102.0,1215.5,1170.0,1293.5,322.0,18.3245987334615,77.41317300851968,0.05530426278710365,-0.026029592379927635,0.0,0.0,0.0,
0_+861759+203989,1379.0,17.0,1232.5,974.5,1130.0,987.5,1024.5,1022.0,1102.0,1215.5,1119.0,1293.5,322.0,18.324688564989913,77.41317300851968,0.04381676763296127,-0.04850964620709419,0.0,0.0,0.0,
0_+861759+203990,1379.0,17.0,1252.0,967.5,1119.0,970.0,994.5,1002.5,1084.5,1192.5,1104.5,1299.0,322.0,18.324778396518326,77.41317300851968,0.05264933779835701,-0.06258833408355713,0.0,0.0,0.0,
0_+861760+203982,1445.0,24.0,1366.0,1033.0,1231.0,1103.0,1167.0,1109.0,1189.0,1340.0,1306.0,1454.0,282.0,18.32405974429103,77.41326284004809,0.05620703473687172,-0.022455090656876564,0.0,0.0,0.0,
0_+861760+203983,1379.0,16.5,1383.5,1058.5,1178.0,1076.5,1142.0,1130.0,1245.0,1376.0,1279.0,1497.0,352.0,18.32414957581944,77.41326284004809,0.05645451322197914,-0.03933625668287277,0.0,0.0,0.0,
0_+861760+203984,1379.0,16.5,1325.5,1054.5,1165.0,1044.0,1096.0,1094.0,1149.0,1280.5,1243.5,1367.0,352.0,18.324239407347854,77.41326284004809,0.06310983747243881,-0.03195604681968689,0.0,0.0,0.0,
0_+861760+203985,1379.0,16.5,1325.5,1054.5,1168.5,1045.0,1086.0,1094.0,1149.0,1280.5,1224.0,1367.0,352.0,18.324329238876263,77.41326284004809,0.060030803084373474,-0.03981704264879227,0.0,0.0,0.0,
0_+861760+203986,1379.0,17.0,1286.0,1025.5,1166.5,1045.0,1078.5,1056.5,1133.5,1262.0,1195.0,1348.5,322.0,18.324419070404677,77.41326284004809,0.05106879025697708,-0.03687085583806038,0.0,0.0,0.0,
0_+861760+203987,1379.0,17.0,1286.0,1025.5,1141.5,1011.5,1041.5,1056.5,1133.5,1262.0,1169.0,1348.5,322.0,18.32450890193309,77.41326284004809,0.0576656237244606,-0.04774728789925575,0.0,0.0,0.0,
0_+861760+203988,1379.0,17.0,1277.0,1012.0,1145.0,1018.0,1048.0,1039.0,1134.5,1223.0,1168.0,1340.5,322.0,18.3245987334615,77.41326284004809,0.05425553396344185,-0.044557761400938034,0.0,0.0,0.0,
0_+861760+203989,1379.0,17.0,1277.0,1012.0,1143.0,1004.0,1033.0,1039.0,1134.5,1223.0,1136.0,1340.5,322.0,18.324688564989913,77.41326284004809,0.047392308712005615,-0.05850912630558014,0.0,0.0,0.0,
0_+861760+203990,1379.0,17.0,1398.5,1078.0,1134.0,990.5,1021.5,1073.5,1169.5,1299.0,1153.0,1395.5,322.0,18.324778396518326,77.41326284004809,0.060579121112823486,-0.09602135419845581,0.0,0.0,0.0,
0_+861761+203981,1379.0,16.5,1479.5,1084.5,1156.5,1036.5,1075.5,1140.0,1324.5,1501.5,1373.5,1617.5,352.0,18.323969912762617,77.4133526715765,0.12103253602981567,-0.037718139588832855,0.0,0.0,0.0,
0_+861761+203982,1379.0,16.5,1383.5,1058.5,1165.0,1036.0,1096.0,1130.0,1245.0,1376.0,1271.0,1497.0,352.0,18.32405974429103,77.4133526715765,0.07397138327360153,-0.04251746088266373,0.0,0.0,0.0,
0_+861761+203983,1379.0,16.5,1383.5,1058.5,1156.0,1036.0,1083.5,1130.0,1245.0,1376.0,1210.5,1497.0,352.0,18.32414957581944,77.4133526715765,0.05526477470993996,-0.06677042692899704,0.0,0.0,0.0,
0_+861761+203984,1379.0,16.5,1325.5,1054.5,1148.5,1015.5,1046.5,1094.0,1149.0,1280.5,1169.0,1367.0,352.0,18.324239407347854,77.4133526715765,0.05529557168483734,-0.06278092414140701,0.0,0.0,0.0,
0_+861761+203985,1379.0,16.5,1325.5,1054.5,1149.0,1020.0,1054.0,1094.0,1149.0,1280.5,1176.0,1367.0,352.0,18.324329238876263,77.4133526715765,0.05503217503428459,-0.05976454168558121,0.0,0.0,0.0,
0_+861761+203986,1379.0,17.0,1286.0,1025.5,1149.0,1017.5,1058.0,1056.5,1133.5,1262.0,1171.5,1348.5,322.0,18.324419070404677,77.4133526715765,0.050895173102617264,-0.04667733982205391,0.0,0.0,0.0,
0_+861761+203987,1379.0,17.0,1286.0,1025.5,1153.0,1005.0,1039.5,1056.5,1133.5,1262.0,1148.5,1348.5,322.0,18.32450890193309,77.4133526715765,0.04997134581208229,-0.056479595601558685,0.0,0.0,0.0,
0_+861761+203988,1379.0,17.0,1277.0,1012.0,1143.5,1019.5,1057.0,1039.0,1134.5,1223.0,1163.5,1340.5,322.0,18.3245987334615,77.4133526715765,0.048134561628103256,-0.04649491235613823,0.0,0.0,0.0,
0_+861761+203989,1379.0,17.0,1277.0,1012.0,1150.0,1022.0,1042.5,1039.0,1134.5,1223.0,1168.0,1340.5,322.0,18.324688564989913,77.4133526715765,0.056736502796411514,-0.04464608430862427,0.0,0.0,0.0,
0_+861761+203990,1379.0,17.0,1398.5,1078.0,1155.0,1015.5,1058.5,1073.5,1169.5,1299.0,1202.5,1395.5,322.0,18.324778396518326,77.4133526715765,0.06371639668941498,-0.07521991431713104,0.0,0.0,0.0,
0_+861762+203981,1445.0,24.0,1401.0,1004.0,1209.0,1083.0,1099.0,1096.0,1287.0,1473.0,1239.0,1547.0,282.0,18.323969912762617,77.41344250310492,0.05988023802638054,-0.06136363744735718,0.0,0.0,0.0,
0_+861762+203982,1379.0,16.5,1300.5,1015.0,1162.5,1036.0,1087.5,1058.0,1183.0,1284.0,1237.5,1422.0,352.0,18.32405974429103,77.41344250310492,0.06436232477426529,-0.024984240531921387,0.0,0.0,0.0,
0_+861762+203983,1379.0,16.5,1300.5,1015.0,1149.5,1015.5,1075.0,1058.0,1183.0,1284.0,1197.5,1422.0,352.0,18.32414957581944,77.41344250310492,0.05384107679128647,-0.0412859171628952,0.0,0.0,0.0,
0_+861762+203984,1379.0,16.5,1258.0,1002.5,1140.5,1011.0,1041.5,1024.5,1110.0,1208.5,1146.0,1319.0,352.0,18.324239407347854,77.41344250310492,0.04771004244685173,-0.04670299217104912,0.0,0.0,0.0,
0_+861762+203985,1379.0,16.5,1258.0,1002.5,1134.5,1001.0,1035.0,1024.5,1110.0,1208.5,1150.5,1319.0,352.0,18.324329238876263,77.41344250310492,0.05291840061545372,-0.04463988542556763,0.0,0.0,0.0,
0_+861762+203986,1379.0,17.0,1265.5,1011.0,1136.0,1012.5,1036.0,1046.0,1123.5,1232.0,1153.5,1316.0,322.0,18.324419070404677,77.41344250310492,0.05374649167060852,-0.04633680358529091,0.0,0.0,0.0,
0_+861762+203987,1379.0,17.0,1265.5,1011.0,1154.5,1018.0,1048.5,1046.0,1123.5,1232.0,1163.0,1316.0,322.0,18.32450890193309,77.41344250310492,0.05192970484495163,-0.042206235229969025,0.0,0.0,0.0,
0_+861762+203988,1379.0,17.0,1318.5,1033.0,1157.5,1028.0,1070.5,1058.0,1151.5,1259.0,1190.0,1345.0,322.0,18.3245987334615,77.41344250310492,0.052876029163599014,-0.05115485191345215,0.0,0.0,0.0,
0_+861762+203989,1379.0,17.0,1318.5,1033.0,1171.0,1026.5,1055.0,1058.0,1151.5,1259.0,1198.0,1345.0,322.0,18.324688564989913,77.41344250310492,0.06331042945384979,-0.047927822917699814,0.0,0.0,0.0,
0_+861762+203990,1379.0,17.0,1499.5,1131.5,1161.0,1023.5,1068.5,1121.0,1238.0,1404.0,1230.0,1515.5,322.0,18.324778396518326,77.41344250310492,0.07041450589895248,-0.09802640974521637,0.0,0.0,0.0,
0_+861763+203981,1445.0,24.0,1401.0,1004.0,1200.0,1047.0,1048.0,1096.0,1287.0,1473.0,1237.0,1547.0,282.0,18.323969912762617,77.41353233463333,0.08271335065364838,-0.06216830760240555,0.0,0.0,0.0,
0_+861763+203982,1379.0,16.5,1300.5,1015.0,1147.0,1020.5,1037.0,1058.0,1183.0,1284.0,1200.5,1422.0,352.0,18.32405974429103,77.41353233463333,0.0732276439666748,-0.04004373401403427,0.0,0.0,0.0,
0_+861763+203983,1379.0,16.5,1300.5,1015.0,1150.5,1011.5,1051.0,1058.0,1183.0,1284.0,1173.0,1422.0,352.0,18.32414957581944,77.41353233463333,0.05483675003051758,-0.051638174802064896,0.0,0.0,0.0,
0_+861763+203984,1379.0,16.5,1258.0,1002.5,1147.0,1011.0,1038.0,1024.5,1110.0,1208.5,1154.5,1319.0,352.0,18.324239407347854,77.41353233463333,0.0532027967274189,-0.04293202608823776,0.0,0.0,0.0,
0_+861763+203985,1379.0,16.5,1258.0,1002.5,1146.5,1011.0,1031.5,1024.5,1110.0,1208.5,1141.0,1319.0,352.0,18.324329238876263,77.41353233463333,0.05047605559229851,-0.048778217285871506,0.0,0.0,0.0,
0_+861763+203986,1379.0,17.0,1265.5,1011.0,1138.5,1007.0,1033.0,1046.0,1123.5,1232.0,1133.5,1316.0,322.0,18.324419070404677,77.41353233463333,0.046516865491867065,-0.055018529295921326,0.0,0.0,0.0,
0_+861763+203987,1379.0,17.0,1265.5,1011.0,1152.5,1011.5,1052.5,1046.0,1123.5,1232.0,1158.5,1316.0,322.0,18.32450890193309,77.41353233463333,0.048071712255477905,-0.04415053501725197,0.0,0.0,0.0,
0_+861763+203988,1379.0,17.0,1318.5,1033.0,1151.5,1024.0,1069.5,1058.0,1151.5,1259.0,1185.0,1345.0,322.0,18.3245987334615,77.41353233463333,0.051274970173835754,-0.053217656910419464,0.0,0.0,0.0,
0_+861763+203989,1379.0,17.0,1318.5,1033.0,1139.0,1015.0,1052.0,1058.0,1151.5,1259.0,1186.5,1345.0,322.0,18.324688564989913,77.41353233463333,0.06005413830280304,-0.05262644588947296,0.0,0.0,0.0,
0_+861763+203990,1379.0,17.0,1499.5,1131.5,1134.5,1010.5,1035.5,1121.0,1238.0,1404.0,1243.5,1515.5,322.0,18.324778396518326,77.41353233463333,0.09111852943897247,-0.0930391475558281,0.0,0.0,0.0,
0_+861764+203981,1444.0,24.0,1309.0,904.0,1183.0,1016.0,1019.0,1047.0,1251.0,1491.0,1211.0,1557.0,274.0,18.323969912762617,77.41362216616174,0.08609865605831146,-0.03888889029622078,0.0,0.0,0.0,
0_+861764+203982,1373.5,16.5,1236.5,957.0,1133.5,1004.5,1012.0,1022.5,1144.0,1212.0,1130.0,1340.0,339.0,18.32405974429103,77.41362216616174,0.05561879277229309,-0.04497209191322327,0.0,0.0,0.0,
0_+861764+203983,1373.5,16.5,1236.5,957.0,1142.5,1010.5,1033.0,1022.5,1144.0,1212.0,1152.0,1340.0,339.0,18.32414957581944,77.41362216616174,0.054590173065662384,-0.03536022827029228,0.0,0.0,0.0,
0_+861764+203984,1373.5,16.5,1246.5,987.0,1148.5,999.5,1019.5,1028.5,1106.5,1221.5,1148.0,1292.5,339.0,18.324239407347854,77.41362216616174,0.05943704769015312,-0.0410943329334259,0.0,0.0,0.0,
0_+861764+203985,1373.5,16.5,1246.5,987.0,1136.0,1001.5,1024.0,1028.5,1106.5,1221.5,1123.5,1292.5,339.0,18.324329238876263,77.41362216616174,0.046534374356269836,-0.05184739828109741,0.0,0.0,0.0,
0_+861764+203986,1376.5,17.0,1252.0,1001.5,1137.5,1001.5,1019.5,1032.5,1103.5,1222.5,1130.5,1302.5,341.0,18.324419070404677,77.41362216616174,0.05180942639708519,-0.0510004386305809,0.0,0.0,0.0,
0_+861764+203987,1376.5,17.0,1252.0,1001.5,1143.0,1004.5,1028.5,1032.5,1103.5,1222.5,1139.0,1302.5,341.0,18.32450890193309,77.41362216616174,0.05116254836320877,-0.04725484549999237,0.0,0.0,0.0,
0_+861764+203988,1376.5,17.0,1324.5,1014.5,1149.0,1014.5,1039.0,1042.5,1187.0,1289.5,1168.5,1397.5,341.0,18.3245987334615,77.41362216616174,0.05884699895977974,-0.06241723150014877,0.0,0.0,0.0,
0_+861764+203989,1376.5,17.0,1324.5,1014.5,1145.0,1015.5,1037.5,1042.5,1187.0,1289.5,1199.5,1397.5,341.0,18.324688564989913,77.41362216616174,0.07250013947486877,-0.04939453303813934,0.0,0.0,0.0,
0_+861764+203990,1376.5,17.0,1536.5,1122.0,1138.0,1014.0,1024.5,1107.5,1354.5,1562.0,1305.0,1681.5,341.0,18.324778396518326,77.41362216616174,0.12087365984916687,-0.08094306290149689,0.0,0.0,0.0,
0_+861765+203981,1444.0,24.0,1309.0,904.0,1187.0,1022.0,1012.0,1047.0,1251.0,1491.0,1154.0,1557.0,274.0,18.323969912762617,77.41371199769014,0.06555863469839096,-0.06293138116598129,0.0,0.0,0.0,
0_+861765+203982,1373.5,16.5,1236.5,957.0,1128.0,990.5,998.5,1022.5,1144.0,1212.0,1114.0,1340.0,339.0,18.32405974429103,77.41371199769014,0.05504383519291878,-0.0521157830953598,0.0,0.0,0.0,
0_+861765+203983,1373.5,16.5,1236.5,957.0,1129.5,1002.5,1043.5,1022.5,1144.0,1212.0,1143.5,1340.0,339.0,18.32414957581944,77.41371199769014,0.045908767729997635,-0.039056383073329926,0.0,0.0,0.0,
0_+861765+203984,1373.5,16.5,1246.5,987.0,1140.0,1011.0,1022.0,1028.5,1106.5,1221.5,1144.0,1292.5,339.0,18.324239407347854,77.41371199769014,0.05655825883150101,-0.04283175617456436,0.0,0.0,0.0,
0_+861765+203985,1373.5,16.5,1246.5,987.0,1145.5,1016.0,1032.5,1028.5,1106.5,1221.5,1147.0,1292.5,339.0,18.324329238876263,77.41371199769014,0.052632078528404236,-0.04155176505446434,0.0,0.0,0.0,
0_+861765+203986,1376.5,17.0,1252.0,1001.5,1142.5,1017.5,1028.5,1032.5,1103.5,1222.5,1163.0,1302.5,341.0,18.324419070404677,77.41371199769014,0.0613274946808815,-0.036939363926649094,0.0,0.0,0.0,
0_+861765+203987,1376.5,17.0,1252.0,1001.5,1138.0,1012.5,1035.5,1032.5,1103.5,1222.5,1158.5,1302.5,341.0,18.32450890193309,77.41371199769014,0.0560910739004612,-0.03879491239786148,0.0,0.0,0.0,
0_+861765+203988,1376.5,17.0,1324.5,1014.5,1150.0,1007.5,1038.5,1042.5,1187.0,1289.5,1179.0,1397.5,341.0,18.3245987334615,77.41371199769014,0.06342420727014542,-0.05795934796333313,0.0,0.0,0.0,
0_+861765+203989,1306.0,10.0,1292.0,1026.0,1082.0,974.0,1006.0,1032.0,1155.0,1259.0,1237.0,1352.0,412.0,18.324688564989913,77.41371199769014,0.10298707336187363,-0.021747726947069168,0.0,0.0,0.0,
0_+861765+203990,1376.5,17.0,1536.5,1122.0,1096.5,967.5,948.5,1107.5,1354.5,1562.0,1503.0,1681.5,341.0,18.324778396518326,77.41371199769014,0.22639881074428558,-0.010681102983653545,0.0,0.0,0.0,
0_+861766+203981,1373.5,16.5,1254.0,908.0,1127.5,977.0,971.0,1013.0,1225.0,1421.0,1168.5,1510.0,339.0,18.323969912762617,77.41380182921856,0.09187156707048416,-0.035937994718551636,0.0,0.0,0.0,
0_+861766+203982,1373.5,16.5,1180.5,944.0,1124.5,989.0,993.5,982.0,1076.0,1142.0,1108.5,1271.0,339.0,18.32405974429103,77.41380182921856,0.054992228746414185,-0.03141609951853752,0.0,0.0,0.0,
0_+861766+203983,1373.5,16.5,1180.5,944.0,1127.5,987.5,1009.0,982.0,1076.0,1142.0,1116.5,1271.0,339.0,18.32414957581944,77.41380182921856,0.05092193931341171,-0.0278269462287426,0.0,0.0,0.0,
0_+861766+203984,1373.5,16.5,1238.0,982.0,1141.0,1007.0,1030.5,1039.0,1105.0,1231.5,1141.0,1306.0,339.0,18.324239407347854,77.41380182921856,0.05124378204345703,-0.04069380462169647,0.0,0.0,0.0,
0_+861766+203985,1373.5,16.5,1238.0,982.0,1159.0,1033.5,1058.5,1039.0,1105.0,1231.5,1181.0,1306.0,339.0,18.324329238876263,77.41380182921856,0.05501047521829605,-0.02346731349825859,0.0,0.0,0.0,
0_+861766+203986,1376.5,17.0,1271.0,1008.5,1160.5,1027.0,1064.5,1060.5,1128.0,1239.5,1191.5,1335.0,341.0,18.324419070404677,77.41380182921856,0.056228023022413254,-0.0323660634458065,0.0,0.0,0.0,
0_+861766+203987,1376.5,17.0,1271.0,1008.5,1145.5,1010.0,1032.5,1060.5,1128.0,1239.5,1153.0,1335.0,341.0,18.32450890193309,77.41380182921856,0.05519444867968559,-0.0487249493598938,0.0,0.0,0.0,
0_+861766+203988,1376.5,17.0,1352.0,1002.5,1134.5,1002.0,1021.0,1058.5,1227.0,1357.0,1143.5,1473.0,341.0,18.3245987334615,77.41380182921856,0.05678505823016167,-0.08307281881570816,0.0,0.0,0.0,
0_+861766+203989,1306.0,10.0,1295.0,1015.0,1076.0,969.0,1004.0,1036.0,1191.0,1287.0,1237.0,1377.0,412.0,18.324688564989913,77.41380182921856,0.1039714440703392,-0.022906793281435966,0.0,0.0,0.0,
0_+861767+203980,1444.0,24.0,1228.0,895.0,1192.0,1026.0,999.0,1015.0,1151.0,1372.0,1196.0,1450.0,274.0,18.323880081234204,77.41389166074697,0.08974943310022354,-0.013201320543885231,0.0,0.0,0.0,
0_+861767+203981,1373.5,16.5,1254.0,908.0,1121.5,978.5,984.5,1013.0,1225.0,1421.0,1108.5,1510.0,339.0,18.323969912762617,77.41389166074697,0.059689830988645554,-0.06148253753781319,0.0,0.0,0.0,
0_+861767+203982,1373.5,16.5,1180.5,944.0,1120.0,986.0,993.0,982.0,1076.0,1142.0,1106.0,1271.0,339.0,18.32405974429103,77.41389166074697,0.05409817770123482,-0.03256158530712128,0.0,0.0,0.0,
0_+861767+203983,1373.5,16.5,1180.5,944.0,1122.5,980.5,986.0,982.0,1076.0,1142.0,1109.0,1271.0,339.0,18.32414957581944,77.41389166074697,0.05902406945824623,-0.031199097633361816,0.0,0.0,0.0,
0_+861767+203984,1373.5,16.5,1238.0,982.0,1128.0,992.0,1008.5,1039.0,1105.0,1231.5,1122.5,1306.0,339.0,18.324239407347854,77.41389166074697,0.05375448241829872,-0.0488399937748909,0.0,0.0,0.0,
0_+861767+203985,1373.5,16.5,1238.0,982.0,1136.0,1005.5,1038.0,1039.0,1105.0,1231.5,1147.0,1306.0,339.0,18.324329238876263,77.41389166074697,0.050170447677373886,-0.03812265396118164,0.0,0.0,0.0,
0_+861767+203986,1376.5,17.0,1271.0,1008.5,1145.5,1012.5,1054.5,1060.5,1128.0,1239.5,1173.5,1335.0,341.0,18.324419070404677,77.41389166074697,0.05363563075661659,-0.03987526893615723,0.0,0.0,0.0,
0_+861767+203987,1376.5,17.0,1271.0,1008.5,1149.5,1016.0,1045.5,1060.5,1128.0,1239.5,1172.5,1335.0,341.0,18.32450890193309,77.41389166074697,0.057151637971401215,-0.040411289781332016,0.0,0.0,0.0,
0_+861767+203988,1376.5,17.0,1352.0,1002.5,1143.0,994.0,1027.0,1058.5,1227.0,1357.0,1148.0,1473.0,341.0,18.3245987334615,77.41389166074697,0.055729907006025314,-0.08112102001905441,0.0,0.0,0.0,
0_+861767+203989,1376.5,17.0,1352.0,1002.5,1127.5,992.5,1019.5,1058.5,1227.0,1357.0,1282.5,1473.0,341.0,18.324688564989913,77.41389166074697,0.11267067492008209,-0.027751000598073006,0.0,0.0,0.0,
0_+861768+203980,1444.0,24.0,1385.0,968.0,1175.0,1021.0,993.0,1050.0,1186.0,1305.0,1207.0,1481.0,274.0,18.323880081234204,77.41398149227538,0.09727272391319275,-0.06867283582687378,0.0,0.0,0.0,
0_+861768+203981,1373.5,16.5,1355.5,977.5,1117.5,963.5,970.5,1058.5,1243.0,1361.5,1091.0,1533.0,339.0,18.323969912762617,77.41398149227538,0.058711811900138855,-0.10799463093280792,0.0,0.0,0.0,
0_+861768+203982,1373.5,16.5,1249.5,967.5,1112.5,970.0,980.5,997.5,1069.5,1145.0,1097.5,1242.5,339.0,18.32405974429103,77.41398149227538,0.05650916323065758,-0.06453734636306763,0.0,0.0,0.0,
0_+861768+203983,1373.5,16.5,1249.5,967.5,1127.5,976.5,986.5,997.5,1069.5,1145.0,1090.5,1242.5,339.0,18.32414957581944,77.41398149227538,0.050530996173620224,-0.06772097200155258,0.0,0.0,0.0,
0_+861768+203984,1373.5,16.5,1248.0,993.0,1127.5,991.5,999.0,1011.5,1092.5,1203.5,1094.0,1284.0,339.0,18.324239407347854,77.41398149227538,0.045810237526893616,-0.0655965656042099,0.0,0.0,0.0,
0_+861768+203985,1373.5,16.5,1248.0,993.0,1129.0,995.5,1013.5,1011.5,1092.5,1203.5,1113.0,1284.0,339.0,18.324329238876263,77.41398149227538,0.046934716403484344,-0.05705758184194565,0.0,0.0,0.0,
0_+861768+203986,1376.5,17.0,1262.0,1016.0,1148.0,1005.0,1038.0,1025.0,1129.5,1201.5,1140.5,1329.5,341.0,18.324419070404677,77.41398149227538,0.04733993858098984,-0.05065156891942024,0.0,0.0,0.0,
0_+861768+203987,1376.5,17.0,1271.0,1008.5,1149.5,1016.0,1045.5,1060.5,1128.0,1239.5,1172.5,1335.0,341.0,18.32450890193309,77.41398149227538,0.057151637971401215,-0.040411289781332016,0.0,0.0,0.0,
0_+861768+203988,1376.5,17.0,1352.0,1002.5,1143.0,994.0,1027.0,1058.5,1227.0,1357.0,1148.0,1473.0,341.0,18.3245987334615,77.41398149227538,0.055729907006025314,-0.08112102001905441,0.0,0.0,0.0,
0_+861768+203989,1376.5,17.0,1352.0,1002.5,1127.5,992.5,1019.5,1058.5,1227.0,1357.0,1282.5,1473.0,341.0,18.324688564989913,77.41398149227538,0.11267067492008209,-0.027751000598073006,0.0,0.0,0.0,
0_+861769+203983,1373.5,16.5,1249.5,967.5,1127.5,976.5,986.5,997.5,1069.5,1145.0,1090.5,1242.5,339.0,18.32414957581944,77.4140713238038,0.050530996173620224,-0.06772097200155258,0.0,0.0,0.0,
0_+861769+203984,1373.5,16.5,1248.0,993.0,1127.5,991.5,999.0,1011.5,1092.5,1203.5,1094.0,1284.0,339.0,18.324239407347854,77.4140713238038,0.045810237526893616,-0.0655965656042099,0.0,0.0,0.0,
0_+861769+203985,1373.5,16.5,1248.0,993.0,1129.0,995.5,1013.5,1011.5,1092.5,1203.5,1113.0,1284.0,339.0,18.324329238876263,77.4140713238038,0.046934716403484344,-0.05705758184194565,0.0,0.0,0.0,
0_+861769+203986,1376.5,17.0,1262.0,1016.0,1148.0,1005.0,1038.0,1025.0,1129.5,1201.5,1140.5,1329.5,341.0,18.324419070404677,77.4140713238038,0.04733993858098984,-0.05065156891942024,0.0,0.0,0.0,
0_+861769+203987,1376.5,17.0,1262.0,1016.0,1151.0,1023.5,1049.5,1025.0,1129.5,1201.5,1177.0,1329.5,341.0,18.32450890193309,77.4140713238038,0.05761197954416275,-0.03478214144706726,0.0,0.0,0.0,
0_+861769+203988,1376.5,17.0,1308.0,1014.0,1147.0,1007.5,1031.0,1026.5,1144.0,1286.5,1173.0,1369.5,341.0,18.3245987334615,77.4140713238038,0.06447294354438782,-0.05416761338710785,0.0,0.0,0.0,
0_+861769+203989,1376.5,17.0,1308.0,1014.0,1138.5,1013.0,1024.5,1026.5,1144.0,1286.5,1273.5,1369.5,341.0,18.324688564989913,77.4140713238038,0.10786901414394379,-0.013961865566670895,0.0,0.0,0.0,
0_+861770+203987,1376.5,17.0,1262.0,1016.0,1125.0,998.5,1013.0,1025.0,1129.5,1201.5,1145.0,1329.5,341.0,18.32450890193309,77.41416115533221,0.06140347197651863,-0.04853304475545883,0.0,0.0,0.0,
0_+861770+203988,1376.5,17.0,1308.0,1014.0,1128.5,985.0,1009.5,1026.5,1144.0,1286.5,1132.5,1369.5,341.0,18.3245987334615,77.41416115533221,0.05776277184486389,-0.0716610699892044,0.0,0.0,0.0,
0_+861770+203989,1376.5,17.0,1308.0,1014.0,1131.5,999.0,1026.0,1026.5,1144.0,1286.5,1157.0,1369.5,341.0,18.324688564989913,77.41416115533221,0.060567472130060196,-0.06101635843515396,0.0,0.0,0.0,
1_+861692+203937,1484.0,18.0,2046.5,1551.5,1312.5,1275.0,1484.0,1494.0,1685.5,1843.0,1855.5,2039.5,448.5,18.32001732551249,77.40715429611608,0.11127927154302597,-0.048935890197753906,0.0,0.0,0.0,
1_+861692+203938,1456.0,20.0,2019.5,1566.0,1332.5,1310.5,1522.5,1521.5,1656.5,1859.5,1825.5,1989.5,424.5,18.320107157040905,77.40715429611608,0.09009519964456558,-0.05080921947956085,0.0,0.0,0.0,
1_+861693+203937,1484.0,18.0,2046.5,1551.5,1318.5,1261.0,1413.0,1494.0,1685.5,1843.0,1714.0,2039.5,448.5,18.32001732551249,77.40724412764449,0.0957922413945198,-0.08869434893131256,0.0,0.0,0.0,
1_+861693+203938,1456.0,20.0,2019.5,1566.0,1319.5,1283.0,1438.0,1521.5,1656.5,1859.5,1674.0,1989.5,424.5,18.320107157040905,77.40724412764449,0.0756220892071724,-0.09372866153717041,0.0,0.0,0.0,
1_+861693+203939,1456.0,20.0,2019.5,1566.0,1334.5,1286.0,1474.0,1521.5,1656.5,1859.5,1665.0,1989.5,424.5,18.320196988569315,77.40724412764449,0.06086480990052223,-0.09632532298564911,0.0,0.0,0.0,
1_+861693+203940,1456.0,20.0,1952.5,1543.5,1311.5,1256.5,1458.0,1486.0,1617.0,1783.5,1680.0,1908.5,424.5,18.320286820097728,77.40724412764449,0.0706549659371376,-0.0752582997083664,0.0,0.0,0.0,
1_+861694+203936,1481.5,19.0,2050.0,1541.0,1295.5,1231.0,1405.5,1456.5,1697.5,1858.0,1781.0,2035.0,450.5,18.31992749398408,77.4073339591729,0.11807391792535782,-0.07033057510852814,0.0,0.0,0.0,
1_+861694+203937,1481.5,19.0,2050.0,1541.0,1244.0,1183.0,1302.0,1456.5,1697.5,1858.0,1798.0,2035.0,450.5,18.32001732551249,77.4073339591729,0.15944600105285645,-0.06593777239322662,0.0,0.0,0.0,
1_+861694+203938,1451.5,19.0,1998.5,1505.5,1242.5,1172.0,1296.5,1419.0,1683.5,1872.5,1786.0,2015.5,425.0,18.320107157040905,77.4073339591729,0.15818975865840912,-0.05680741369724274,0.0,0.0,0.0,
1_+861694+203939,1451.5,19.0,1998.5,1505.5,1280.5,1232.5,1378.0,1419.0,1683.5,1872.5,1740.5,2015.5,425.0,18.320196988569315,77.4073339591729,0.11564988642930984,-0.06960897892713547,0.0,0.0,0.0,
1_+861694+203940,1451.5,19.0,1910.0,1464.0,1306.5,1250.5,1427.5,1369.0,1575.0,1723.5,1637.5,1863.0,425.0,18.320286820097728,77.4073339591729,0.06804303824901581,-0.07725371420383453,0.0,0.0,0.0,
1_+861694+203941,1451.5,19.0,1910.0,1464.0,1266.5,1204.0,1360.5,1369.0,1575.0,1723.5,1558.5,1863.0,425.0,18.320376651626137,77.4073339591729,0.06756570190191269,-0.10163503140211105,0.0,0.0,0.0,
1_+861694+203942,1451.5,19.0,1833.5,1428.5,1258.0,1190.0,1353.0,1356.0,1493.0,1637.5,1536.5,1756.0,425.0,18.32046648315455,77.4073339591729,0.06353454291820526,-0.08812341094017029,0.0,0.0,0.0,
1_+861695+203936,1481.5,19.0,2050.0,1541.0,1298.0,1239.0,1429.0,1456.5,1697.5,1858.0,1781.0,2035.0,450.5,18.31992749398408,77.40742379070132,0.10966695845127106,-0.07023359835147858,0.0,0.0,0.0,
1_+861695+203937,1481.5,19.0,2050.0,1541.0,1271.0,1220.5,1399.5,1456.5,1697.5,1858.0,1838.0,2035.0,450.5,18.32001732551249,77.40742379070132,0.13599318265914917,-0.05456690862774849,0.0,0.0,0.0,
1_+861695+203938,1451.5,19.0,1998.5,1505.5,1256.0,1197.0,1345.0,1419.0,1683.5,1872.5,1881.0,2015.5,425.0,18.320107157040905,77.40742379070132,0.16649793088436127,-0.030401192605495453,0.0,0.0,0.0,
1_+861695+203939,1451.5,19.0,1998.5,1505.5,1257.0,1186.0,1300.5,1419.0,1683.5,1872.5,1822.5,2015.5,425.0,18.320196988569315,77.40742379070132,0.16635634005069733,-0.04673197865486145,0.0,0.0,0.0,
1_+861695+203940,1451.5,19.0,1910.0,1464.0,1248.0,1180.5,1289.0,1369.0,1575.0,1723.5,1706.5,1863.0,425.0,18.320286820097728,77.40742379070132,0.1386134922504425,-0.05691776052117348,0.0,0.0,0.0,
1_+861695+203941,1451.5,19.0,1910.0,1464.0,1265.5,1179.0,1333.0,1369.0,1575.0,1723.5,1601.5,1863.0,425.0,18.320376651626137,77.40742379070132,0.09063326567411423,-0.08859908580780029,0.0,0.0,0.0,
1_+861695+203942,1451.5,19.0,1833.5,1428.5,1252.0,1184.5,1331.0,1356.0,1493.0,1637.5,1541.0,1756.0,425.0,18.32046648315455,77.40742379070132,0.07299157977104187,-0.08677767217159271,0.0,0.0,0.0,
1_+861695+203943,1451.5,19.0,1833.5,1428.5,1251.5,1167.5,1322.0,1356.0,1493.0,1637.5,1556.0,1756.0,425.0,18.320556314682964,77.40742379070132,0.08139052987098694,-0.08192341029644012,0.0,0.0,0.0,
1_+861696+203936,1481.5,19.0,2090.5,1633.0,1306.5,1273.5,1456.5,1550.5,1740.0,1927.5,1799.0,2075.0,450.5,18.31992749398408,77.40751362222973,0.10470017045736313,-0.07527251541614532,0.0,0.0,0.0,
1_+861696+203937,1481.5,19.0,2090.5,1633.0,1343.5,1289.5,1516.5,1550.5,1740.0,1927.5,1798.5,2075.0,450.5,18.32001732551249,77.40751362222973,0.08486128598451614,-0.07520794868469238,0.0,0.0,0.0,
1_+861696+203938,1451.5,19.0,2089.5,1613.5,1326.0,1273.5,1483.0,1524.0,1724.0,1923.5,1820.0,2087.0,425.0,18.320107157040905,77.40751362222973,0.10217700898647308,-0.06897123903036118,0.0,0.0,0.0,
1_+861696+203939,1451.5,19.0,2089.5,1613.5,1280.0,1223.5,1386.5,1524.0,1724.0,1923.5,1852.0,2087.0,425.0,18.320196988569315,77.40751362222973,0.14415960013866425,-0.06035565584897995,0.0,0.0,0.0,
1_+861696+203940,1451.5,19.0,1992.5,1518.0,1215.5,1164.0,1304.0,1437.5,1594.0,1770.5,1792.0,1928.0,425.0,18.320286820097728,77.40751362222973,0.15624812245368958,-0.054207731038331985,0.0,0.0,0.0,
1_+861696+203941,1451.5,19.0,1992.5,1518.0,1224.5,1119.5,1284.0,1437.5,1594.0,1770.5,1625.0,1928.0,425.0,18.320376651626137,77.40751362222973,0.11572476476430893,-0.10281330347061157,0.0,0.0,0.0,
1_+861696+203942,1451.5,19.0,1838.0,1426.0,1212.0,1122.0,1226.0,1328.5,1462.0,1628.5,1482.0,1776.5,425.0,18.32046648315455,77.40751362222973,0.09453471004962921,-0.10725036263465881,0.0,0.0,0.0,
1_+861696+203943,1451.5,19.0,1838.0,1426.0,1216.5,1106.5,1235.5,1328.5,1462.0,1628.5,1498.0,1776.5,425.0,18.320556314682964,77.40751362222973,0.09601379185914993,-0.10194326937198639,0.0,0.0,0.0,
1_+861696+203944,1403.0,19.0,1598.0,1214.5,1210.0,1106.0,1189.0,1201.5,1397.5,1544.5,1551.0,1662.0,354.5,18.320646146211374,77.40751362222973,0.1317763775587082,-0.014851942658424377,0.0,0.0,0.0,
1_+861696+203945,1403.0,19.0,1598.0,1214.5,1182.5,1064.5,1131.0,1201.5,1397.5,1544.5,1454.0,1662.0,354.5,18.320735977739787,77.40751362222973,0.12417370080947876,-0.04754098132252693,0.0,0.0,0.0,
1_+861697+203935,1481.5,19.0,2066.0,1576.0,1332.5,1302.5,1485.0,1456.5,1712.0,1903.0,1867.5,2057.5,450.5,18.31983766245567,77.40760345375814,0.11404088884592056,-0.0505564883351326,0.0,0.0,0.0,
1_+861697+203936,1481.5,19.0,2090.5,1633.0,1344.0,1305.0,1524.5,1550.5,1740.0,1927.5,1832.0,2075.0,450.5,18.31992749398408,77.40760345375814,0.0913606733083725,-0.06614376604557037,0.0,0.0,0.0,
1_+861697+203937,1481.5,19.0,2090.5,1633.0,1345.0,1307.5,1516.0,1550.5,1740.0,1927.5,1800.0,2075.0,450.5,18.32001732551249,77.40760345375814,0.08567638695240021,-0.07471752166748047,0.0,0.0,0.0,
1_+861697+203938,1451.5,19.0,2089.5,1613.5,1343.5,1306.0,1519.0,1524.0,1724.0,1923.5,1804.5,2087.0,425.0,18.320107157040905,77.40760345375814,0.08581824600696564,-0.07331274449825287,0.0,0.0,0.0,
1_+861697+203939,1451.5,19.0,2089.5,1613.5,1350.5,1309.5,1495.5,1524.0,1724.0,1923.5,1816.5,2087.0,425.0,18.320196988569315,77.40760345375814,0.09707774966955185,-0.06993099302053452,0.0,0.0,0.0,
1_+861697+203940,1451.5,19.0,1992.5,1518.0,1333.0,1275.5,1473.0,1437.5,1594.0,1770.5,1776.0,1928.0,425.0,18.320286820097728,77.40760345375814,0.0932435393333435,-0.05780501663684845,0.0,0.0,0.0,
1_+861697+203941,1451.5,19.0,1992.5,1518.0,1278.5,1204.0,1381.0,1437.5,1594.0,1770.5,1645.0,1928.0,425.0,18.320376651626137,77.40760345375814,0.08666566014289856,-0.09673556685447693,0.0,0.0,0.0,
1_+861697+203942,1451.5,19.0,1838.0,1426.0,1227.0,1143.0,1281.0,1328.5,1462.0,1628.5,1512.5,1776.5,425.0,18.32046648315455,77.40760345375814,0.08262093365192413,-0.0976347029209137,0.0,0.0,0.0,
1_+861697+203943,1451.5,19.0,1838.0,1426.0,1228.0,1129.0,1262.5,1328.5,1462.0,1628.5,1541.0,1776.5,425.0,18.320556314682964,77.40760345375814,0.09931806474924088,-0.08792257308959961,0.0,0.0,0.0,
1_+861697+203944,1403.0,19.0,1598.0,1214.5,1205.5,1117.5,1194.5,1201.5,1397.5,1544.5,1548.0,1662.0,354.5,18.320646146211374,77.40760345375814,0.12891264259815216,-0.01574690453708172,0.0,0.0,0.0,
1_+861698+203935,1481.5,19.0,2011.5,1594.5,1350.0,1316.0,1539.5,1525.0,1693.5,1879.5,1786.0,2022.0,450.5,18.31983766245567,77.40769328528656,0.07385262846946716,-0.059654489159584045,0.0,0.0,0.0,
1_+861698+203936,1481.5,19.0,2012.5,1616.0,1334.0,1290.0,1525.0,1521.5,1652.0,1832.0,1786.0,1988.0,450.5,18.31992749398408,77.40769328528656,0.07884134352207184,-0.05972565338015556,0.0,0.0,0.0,
1_+861698+203937,1481.5,19.0,2012.5,1616.0,1327.5,1277.0,1489.0,1521.5,1652.0,1832.0,1766.5,1988.0,450.5,18.32001732551249,77.40769328528656,0.08519141376018524,-0.06516119837760925,0.0,0.0,0.0,
1_+861698+203938,1451.5,19.0,2000.5,1608.0,1316.0,1264.5,1465.5,1469.0,1618.5,1769.0,1746.5,1934.0,425.0,18.320107157040905,77.40769328528656,0.08736228197813034,-0.06782369315624237,0.0,0.0,0.0,
1_+861698+203939,1451.5,19.0,2000.5,1608.0,1325.5,1282.5,1456.0,1469.0,1618.5,1769.0,1734.0,1934.0,425.0,18.320196988569315,77.40769328528656,0.0871114507317543,-0.07131537050008774,0.0,0.0,0.0,
1_+861698+203940,1451.5,19.0,1971.5,1557.0,1337.0,1297.5,1466.5,1448.5,1579.5,1770.0,1744.0,1893.5,425.0,18.320286820097728,77.40769328528656,0.08636590093374252,-0.06128014624118805,0.0,0.0,0.0,
1_+861698+203941,1451.5,19.0,1971.5,1557.0,1312.5,1234.0,1404.5,1448.5,1579.5,1770.0,1665.5,1893.5,425.0,18.320376651626137,77.40769328528656,0.08478408306837082,-0.08460971713066101,0.0,0.0,0.0,
1_+861698+203942,1451.5,19.0,1777.5,1409.0,1270.0,1184.0,1334.5,1320.5,1475.5,1618.0,1546.0,1765.0,425.0,18.32046648315455,77.40769328528656,0.07334599643945694,-0.06962193548679352,0.0,0.0,0.0,
1_+861698+203943,1451.5,19.0,1777.5,1409.0,1274.5,1188.5,1326.5,1320.5,1475.5,1618.0,1553.0,1765.0,425.0,18.320556314682964,77.40769328528656,0.07864580303430557,-0.06737208366394043,0.0,0.0,0.0,
1_+861698+203944,1460.0,27.0,1340.0,1018.0,1222.0,1108.0,1158.0,1101.0,1223.0,1336.0,1312.0,1421.0,278.0,18.320646146211374,77.40769328528656,0.06234817951917648,-0.010558069683611393,0.0,0.0,0.0,
1_+861699+203935,1481.5,19.0,2011.5,1594.5,1338.0,1290.0,1505.5,1525.0,1693.5,1879.5,1750.0,2022.0,450.5,18.31983766245567,77.40778311681495,0.07493211328983307,-0.06967643648386002,0.0,0.0,0.0,
1_+861699+203936,1481.5,19.0,2012.5,1616.0,1320.5,1277.0,1468.0,1521.5,1652.0,1832.0,1729.0,1988.0,450.5,18.31992749398408,77.40778311681495,0.08149556815624237,-0.07592226564884186,0.0,0.0,0.0,
1_+861699+203937,1481.5,19.0,2012.5,1616.0,1297.5,1243.5,1425.5,1521.5,1652.0,1832.0,1672.0,1988.0,450.5,18.32001732551249,77.40778311681495,0.07937343418598175,-0.09268814325332642,0.0,0.0,0.0,
1_+861699+203938,1451.5,19.0,2000.5,1608.0,1282.0,1206.5,1388.0,1469.0,1618.5,1769.0,1626.5,1934.0,425.0,18.320107157040905,77.40778311681495,0.07906943559646606,-0.1030970960855484,0.0,0.0,0.0,
1_+861699+203939,1451.5,19.0,2000.5,1608.0,1274.5,1213.0,1378.0,1469.0,1618.5,1769.0,1627.0,1934.0,425.0,18.320196988569315,77.40778311681495,0.08291669934988022,-0.10289077460765839,0.0,0.0,0.0,
1_+861699+203940,1451.5,19.0,1971.5,1557.0,1289.5,1239.5,1402.0,1448.5,1579.5,1770.0,1672.0,1893.5,425.0,18.320286820097728,77.40778311681495,0.0877983495593071,-0.08222050964832306,0.0,0.0,0.0,
1_+861699+203941,1451.5,19.0,1971.5,1557.0,1269.0,1185.5,1352.0,1448.5,1579.5,1770.0,1620.0,1893.5,425.0,18.320376651626137,77.40778311681495,0.090009406208992,-0.09828011691570282,0.0,0.0,0.0,
1_+861699+203942,1451.5,19.0,1777.5,1409.0,1228.0,1155.5,1275.0,1320.5,1475.5,1618.0,1563.5,1765.0,425.0,18.32046648315455,77.40778311681495,0.10104396194219589,-0.06439603865146637,0.0,0.0,0.0,
1_+861699+203943,1451.5,19.0,1777.5,1409.0,1233.0,1164.5,1291.5,1320.5,1475.5,1618.0,1485.5,1765.0,425.0,18.320556314682964,77.40778311681495,0.06934606283903122,-0.0897640585899353,0.0,0.0,0.0,
1_+861700+203934,1455.0,19.0,1978.5,1556.5,1342.0,1297.5,1489.0,1468.0,1642.0,1816.0,1731.5,1943.0,423.5,18.319747830927255,77.40787294834337,0.0749816820025444,-0.06691952049732208,0.0,0.0,0.0,
1_+861700+203935,1455.0,19.0,1978.5,1556.5,1319.0,1264.5,1474.0,1468.0,1642.0,1816.0,1692.0,1943.0,423.5,18.31983766245567,77.40787294834337,0.06858878582715988,-0.07836127281188965,0.0,0.0,0.0,
1_+861700+203936,1455.0,19.0,1930.5,1527.5,1307.0,1251.5,1433.0,1440.5,1581.0,1759.5,1679.0,1884.5,423.5,18.31992749398408,77.40787294834337,0.07886181026697159,-0.06987449526786804,0.0,0.0,0.0,
1_+861700+203937,1455.0,19.0,1930.5,1527.5,1288.0,1208.0,1373.0,1440.5,1581.0,1759.5,1645.5,1884.5,423.5,18.32001732551249,77.40787294834337,0.090099036693573,-0.0799582302570343,0.0,0.0,0.0,
1_+861700+203938,1427.0,17.5,1897.5,1517.0,1273.0,1184.5,1335.5,1416.0,1526.5,1703.0,1589.5,1817.5,394.5,18.320107157040905,77.40787294834337,0.0866706520318985,-0.08841852843761444,0.0,0.0,0.0,
1_+861700+203939,1427.0,17.5,1897.5,1517.0,1261.5,1185.0,1349.0,1416.0,1526.5,1703.0,1586.0,1817.5,394.5,18.320196988569315,77.40787294834337,0.08075704425573349,-0.08937450498342514,0.0,0.0,0.0,
1_+861700+203940,1427.0,17.5,1900.5,1501.0,1271.5,1208.5,1376.5,1383.5,1519.5,1687.5,1629.0,1848.0,394.5,18.320286820097728,77.40787294834337,0.08394883573055267,-0.07695704698562622,0.0,0.0,0.0,
1_+861700+203941,1451.5,19.0,1971.5,1557.0,1269.0,1185.5,1352.0,1448.5,1579.5,1770.0,1620.0,1893.5,425.0,18.320376651626137,77.40787294834337,0.090009406208992,-0.09828011691570282,0.0,0.0,0.0,
1_+861700+203942,1451.5,19.0,1777.5,1409.0,1228.0,1155.5,1275.0,1320.5,1475.5,1618.0,1563.5,1765.0,425.0,18.32046648315455,77.40787294834337,0.10104396194219589,-0.06439603865146637,0.0,0.0,0.0,
1_+861700+203943,1451.5,19.0,1777.5,1409.0,1233.0,1164.5,1291.5,1320.5,1475.5,1618.0,1485.5,1765.0,425.0,18.320556314682964,77.40787294834337,0.06934606283903122,-0.0897640585899353,0.0,0.0,0.0,
1_+861701+203934,1455.0,19.0,1978.5,1556.5,1334.0,1275.5,1464.0,1468.0,1642.0,1816.0,1736.0,1943.0,423.5,18.319747830927255,77.40796277987178,0.0848347544670105,-0.06541910767555237,0.0,0.0,0.0,
1_+861701+203935,1455.0,19.0,1978.5,1556.5,1321.0,1267.5,1464.5,1468.0,1642.0,1816.0,1711.0,1943.0,423.5,18.31983766245567,77.40796277987178,0.07715430855751038,-0.07299531251192093,0.0,0.0,0.0,
1_+861701+203936,1455.0,19.0,1930.5,1527.5,1310.0,1249.0,1428.5,1440.5,1581.0,1759.5,1663.0,1884.5,423.5,18.31992749398408,77.40796277987178,0.07574344426393509,-0.07462351024150848,0.0,0.0,0.0,
1_+861701+203937,1455.0,19.0,1930.5,1527.5,1287.0,1227.5,1400.5,1440.5,1581.0,1759.5,1667.5,1884.5,423.5,18.32001732551249,77.40796277987178,0.08686939626932144,-0.07333377003669739,0.0,0.0,0.0,
1_+861701+203938,1427.0,17.5,1897.5,1517.0,1273.0,1184.5,1335.5,1416.0,1526.5,1703.0,1589.5,1817.5,394.5,18.320107157040905,77.40796277987178,0.0866706520318985,-0.08841852843761444,0.0,0.0,0.0,
1_+861701+203939,1427.0,17.5,1897.5,1517.0,1261.5,1185.0,1349.0,1416.0,1526.5,1703.0,1586.0,1817.5,394.5,18.320196988569315,77.40796277987178,0.08075704425573349,-0.08937450498342514,0.0,0.0,0.0,
1_+861701+203940,1427.0,17.5,1900.5,1501.0,1271.5,1208.5,1376.5,1383.5,1519.5,1687.5,1629.0,1848.0,394.5,18.320286820097728,77.40796277987178,0.08394883573055267,-0.07695704698562622,0.0,0.0,0.0,
1_+861701+203941,1427.0,17.5,1900.5,1501.0,1269.5,1190.5,1351.5,1383.5,1519.5,1687.5,1585.5,1848.0,394.5,18.320376651626137,77.40796277987178,0.07953060418367386,-0.0906938761472702,0.0,0.0,0.0,
1_+861701+203942,1427.0,17.5,1659.5,1286.5,1242.0,1160.0,1262.0,1248.0,1403.0,1535.0,1548.5,1674.5,394.5,18.32046648315455,77.40796277987178,0.10180561989545822,-0.034442171454429626,0.0,0.0,0.0,
1_+861702+203934,1455.0,19.0,1978.5,1556.5,1334.0,1275.5,1464.0,1468.0,1642.0,1816.0,1736.0,1943.0,423.5,18.319747830927255,77.4080526114002,0.0848347544670105,-0.06541910767555237,0.0,0.0,0.0,
1_+861702+203935,1455.0,19.0,1978.5,1556.5,1321.0,1267.5,1464.5,1468.0,1642.0,1816.0,1711.0,1943.0,423.5,18.31983766245567,77.4080526114002,0.07715430855751038,-0.07299531251192093,0.0,0.0,0.0,
1_+861702+203936,1455.0,19.0,1930.5,1527.5,1310.0,1249.0,1428.5,1440.5,1581.0,1759.5,1663.0,1884.5,423.5,18.31992749398408,77.4080526114002,0.07574344426393509,-0.07462351024150848,0.0,0.0,0.0,
1_+861702+203937,1455.0,19.0,1930.5,1527.5,1287.0,1227.5,1400.5,1440.5,1581.0,1759.5,1667.5,1884.5,423.5,18.32001732551249,77.4080526114002,0.08686939626932144,-0.07333377003669739,0.0,0.0,0.0,
1_+861702+203938,1427.0,17.5,1897.5,1517.0,1279.0,1195.0,1364.5,1416.0,1526.5,1703.0,1610.5,1817.5,394.5,18.320107157040905,77.4080526114002,0.08236632496118546,-0.0820828303694725,0.0,0.0,0.0,
1_+861702+203939,1427.0,17.5,1897.5,1517.0,1275.5,1191.0,1359.5,1416.0,1526.5,1703.0,1615.0,1817.5,394.5,18.320196988569315,77.4080526114002,0.08578550070524216,-0.08044961094856262,0.0,0.0,0.0,
1_+861702+203940,1427.0,17.5,1900.5,1501.0,1278.5,1195.5,1383.0,1383.5,1519.5,1687.5,1605.5,1848.0,394.5,18.320286820097728,77.4080526114002,0.0744118019938469,-0.08415880054235458,0.0,0.0,0.0,
1_+861702+203941,1427.0,17.5,1900.5,1501.0,1261.0,1167.0,1324.5,1383.5,1519.5,1687.5,1555.5,1848.0,394.5,18.320376651626137,77.4080526114002,0.07974490523338318,-0.10022610425949097,0.0,0.0,0.0,
1_+861702+203942,1427.0,17.5,1659.5,1286.5,1220.5,1131.0,1215.5,1248.0,1403.0,1535.0,1491.0,1674.5,394.5,18.32046648315455,77.4080526114002,0.10140382498502731,-0.05344826728105545,0.0,0.0,0.0,
1_+861703+203937,1455.0,19.0,1780.5,1405.5,1268.5,1200.0,1351.0,1316.5,1439.0,1613.0,1597.5,1767.5,423.5,18.32001732551249,77.40814244292861,0.08354021608829498,-0.05418992042541504,0.0,0.0,0.0,
1_+861703+203938,1427.0,17.5,1832.5,1438.5,1270.0,1200.5,1367.5,1345.5,1484.0,1680.0,1590.0,1804.5,394.5,18.320107157040905,77.40814244292861,0.07523077726364136,-0.07075685262680054,0.0,0.0,0.0,
1_+861703+203939,1427.0,17.5,1832.5,1438.5,1276.0,1205.0,1359.0,1345.5,1484.0,1680.0,1613.0,1804.5,394.5,18.320196988569315,77.40814244292861,0.08541608601808548,-0.0636298879981041,0.0,0.0,0.0,
1_+861703+203940,1427.0,17.5,1815.5,1396.0,1264.5,1183.0,1355.5,1299.0,1483.5,1647.0,1618.5,1783.5,394.5,18.320286820097728,77.40814244292861,0.08832108974456787,-0.057511135935783386,0.0,0.0,0.0,
1_+861703+203941,1427.0,17.5,1815.5,1396.0,1222.0,1130.5,1251.0,1299.0,1483.5,1647.0,1564.0,1783.5,394.5,18.320376651626137,77.40814244292861,0.11090093851089478,-0.07484278827905655,0.0,0.0,0.0,
1_+861704+203941,1427.0,17.5,1815.5,1396.0,1202.0,1099.5,1199.5,1299.0,1483.5,1647.0,1522.0,1783.5,394.5,18.320376651626137,77.40823227445702,0.11815311014652252,-0.08840830624103546,0.0,0.0,0.0,
2_+861719+203990,1358.0,17.5,1327.5,1005.0,1117.5,958.0,996.0,1015.0,1134.5,1225.0,1124.5,1369.5,312.5,18.324778396518326,77.4095797473832,0.06104552373290062,-0.08228157460689545,0.0,0.0,0.0,
2_+861719+203991,1358.0,17.5,1327.5,1005.0,1165.0,1026.5,1071.5,1015.0,1134.5,1225.0,1293.5,1369.5,312.5,18.324868228046736,77.4095797473832,0.09400959312915802,-0.013199742883443832,0.0,0.0,0.0,
2_+861719+203992,,,,,,,,,,,,,,18.32495805957515,77.4095797473832,,,,,,
2_+861719+203993,1432.0,25.0,1415.0,1011.0,1215.0,1033.0,1102.0,1106.0,1158.0,1296.0,1273.0,1360.0,252.0,18.325047891103562,77.4095797473832,0.07199999690055847,-0.0528273805975914,0.0,0.0,0.0,
2_+861719+203994,1359.5,16.5,1279.0,1003.0,1156.0,1023.0,1067.0,1007.0,1082.0,1199.5,1217.0,1296.0,305.5,18.325137722631972,77.4095797473832,0.06562376767396927,-0.02494174987077713,0.0,0.0,0.0,
2_+861720+203990,1369.5,17.5,1294.0,1007.0,1139.0,991.5,1034.5,1013.5,1113.5,1246.0,1188.5,1351.0,344.0,18.324778396518326,77.40966957891162,0.0694826990365982,-0.04233980551362038,0.0,0.0,0.0,
2_+861720+203991,1369.5,17.5,1294.0,1007.0,1156.0,1010.0,1064.0,1013.5,1113.5,1246.0,1244.5,1351.0,344.0,18.324868228046736,77.40966957891162,0.07840412110090256,-0.019680408760905266,0.0,0.0,0.0,
2_+861720+203992,1366.0,17.5,1345.0,1046.5,1163.5,1023.5,1055.5,1029.5,1152.5,1307.5,1284.5,1443.0,327.5,18.32495805957515,77.40966957891162,0.0982145369052887,-0.02314438670873642,0.0,0.0,0.0,
2_+861720+203993,1366.0,17.5,1345.0,1046.5,1150.0,1017.0,1046.5,1029.5,1152.5,1307.5,1272.0,1443.0,327.5,18.325047891103562,77.40966957891162,0.0971735417842865,-0.02802637591958046,0.0,0.0,0.0,
2_+861720+203994,1366.0,17.5,1329.5,1029.5,1153.5,1004.5,1059.0,1015.0,1119.0,1227.5,1227.5,1359.5,327.5,18.325137722631972,77.40966957891162,0.07376952469348907,-0.039969414472579956,0.0,0.0,0.0,
2_+861720+203995,1366.0,17.5,1329.5,1029.5,1134.5,995.5,1047.5,1015.0,1119.0,1227.5,1206.0,1359.5,327.5,18.325227554160385,77.40966957891162,0.07049509137868881,-0.048708997666835785,0.0,0.0,0.0,
2_+861720+203996,1366.0,17.5,1372.5,1063.0,1138.5,992.0,1032.5,1049.0,1125.0,1236.5,1169.0,1340.5,327.5,18.325317385688795,77.40966957891162,0.06244523823261261,-0.08009403944015503,0.0,0.0,0.0,
2_+861720+203997,1366.0,17.5,1372.5,1063.0,1145.5,1014.5,1036.5,1049.0,1125.0,1236.5,1216.5,1340.5,327.5,18.325407217217208,77.40966957891162,0.08041754364967346,-0.06018691882491112,0.0,0.0,0.0,
2_+861720+203998,1393.0,17.5,1424.5,1135.5,1163.0,1025.0,1075.5,1092.0,1170.0,1304.5,1276.5,1386.0,358.0,18.32549704874562,77.40966957891162,0.08556371182203293,-0.054693207144737244,0.0,0.0,0.0,
2_+861720+203999,1393.0,17.5,1424.5,1135.5,1164.5,1027.5,1100.5,1092.0,1170.0,1304.5,1284.5,1386.0,358.0,18.32558688027403,77.40966957891162,0.0773339495062828,-0.05157855898141861,0.0,0.0,0.0,
2_+861720+204000,1393.0,17.5,1557.5,1225.0,1163.5,1035.5,1102.5,1098.0,1252.5,1367.5,1296.5,1519.5,358.0,18.325676711802444,77.40966957891162,0.08120282739400864,-0.09119392931461334,0.0,0.0,0.0,
2_+861720+204001,1393.0,17.5,1557.5,1225.0,1179.0,1073.5,1135.5,1098.0,1252.5,1367.5,1415.5,1519.5,358.0,18.325766543330857,77.40966957891162,0.10912933945655823,-0.04858267679810524,0.0,0.0,0.0,
2_+861721+203990,1369.5,17.5,1294.0,1007.0,1112.0,969.5,981.0,1013.5,1113.5,1246.0,1115.0,1351.0,344.0,18.324778396518326,77.40975941044002,0.06427700817584991,-0.07414662837982178,0.0,0.0,0.0,
2_+861721+203991,1369.5,17.5,1294.0,1007.0,1116.5,960.5,985.0,1013.5,1113.5,1246.0,1130.0,1351.0,344.0,18.324868228046736,77.40975941044002,0.06894025951623917,-0.06749425828456879,0.0,0.0,0.0,
2_+861721+203992,1366.0,17.5,1345.0,1046.5,1118.5,966.5,990.0,1029.5,1152.5,1307.5,1123.0,1443.0,327.5,18.32495805957515,77.40975941044002,0.06311795115470886,-0.08994993567466736,0.0,0.0,0.0,
2_+861721+203993,1366.0,17.5,1345.0,1046.5,1116.5,970.5,993.0,1029.5,1152.5,1307.5,1121.0,1443.0,327.5,18.325047891103562,77.40975941044002,0.060630444437265396,-0.09088081121444702,0.0,0.0,0.0,
2_+861721+203994,1366.0,17.5,1329.5,1029.5,1120.0,963.0,974.5,1015.0,1119.0,1227.5,1104.5,1359.5,327.5,18.325137722631972,77.40975941044002,0.06275041401386261,-0.09244285523891449,0.0,0.0,0.0,
2_+861721+203995,1366.0,17.5,1329.5,1029.5,1121.0,962.0,970.0,1015.0,1119.0,1227.5,1110.5,1359.5,327.5,18.325227554160385,77.40975941044002,0.06769747287034988,-0.08976894617080688,0.0,0.0,0.0,
2_+861721+203996,1366.0,17.5,1372.5,1063.0,1128.0,956.0,978.5,1049.0,1125.0,1236.5,1123.5,1340.5,327.5,18.325317385688795,77.40975941044002,0.06942007690668106,-0.0996892899274826,0.0,0.0,0.0,
2_+861721+203997,1366.0,17.5,1372.5,1063.0,1135.0,971.5,1010.0,1049.0,1125.0,1236.5,1154.0,1340.5,327.5,18.325407217217208,77.40975941044002,0.06680579483509064,-0.08643639087677002,0.0,0.0,0.0,
2_+861721+203998,1393.0,17.5,1424.5,1135.5,1147.0,993.5,1030.0,1092.0,1170.0,1304.5,1187.5,1386.0,358.0,18.32549704874562,77.40975941044002,0.07119400799274445,-0.0906309187412262,0.0,0.0,0.0,
2_+861721+203999,1393.0,17.5,1424.5,1135.5,1157.5,1017.5,1049.5,1092.0,1170.0,1304.5,1202.0,1386.0,358.0,18.32558688027403,77.40975941044002,0.06769604980945587,-0.08466455340385437,0.0,0.0,0.0,
2_+861721+204000,1393.0,17.5,1557.5,1225.0,1149.0,1026.0,1053.0,1098.0,1252.5,1367.5,1208.5,1519.5,358.0,18.325676711802444,77.40975941044002,0.06870900094509125,-0.12589144706726074,0.0,0.0,0.0,
2_+861721+204001,1393.0,17.5,1557.5,1225.0,1157.5,1023.5,1081.5,1098.0,1252.5,1367.5,1260.5,1519.5,358.0,18.325766543330857,77.40975941044002,0.0767114907503128,-0.10509416460990906,0.0,0.0,0.0,
2_+861722+203990,1369.5,17.5,1224.0,955.5,1113.5,965.5,979.5,977.0,1058.0,1155.5,1111.0,1254.5,344.0,18.324778396518326,77.40984924196843,0.0631919652223587,-0.04838551953434944,0.0,0.0,0.0,
2_+861722+203991,1369.5,17.5,1224.0,955.5,1115.5,963.5,977.0,977.0,1058.0,1155.5,1108.0,1254.5,344.0,18.324868228046736,77.40984924196843,0.06314519792795181,-0.04974186420440674,0.0,0.0,0.0,
2_+861722+203992,1366.0,17.5,1241.5,977.5,1115.5,966.0,979.5,978.0,1061.5,1164.5,1122.5,1257.5,327.5,18.32495805957515,77.40984924196843,0.06817235052585602,-0.05032692477107048,0.0,0.0,0.0,
2_+861722+203993,1366.0,17.5,1241.5,977.5,1123.5,966.5,989.0,978.0,1061.5,1164.5,1133.0,1257.5,327.5,18.325047891103562,77.40984924196843,0.06793609261512756,-0.045732855796813965,0.0,0.0,0.0,
2_+861722+203994,1366.0,17.5,1242.0,996.0,1122.0,965.0,985.0,975.0,1039.0,1161.0,1116.5,1266.0,327.5,18.325137722631972,77.40984924196843,0.06275861710309982,-0.0532224103808403,0.0,0.0,0.0,
2_+861722+203995,1366.0,17.5,1242.0,996.0,1119.0,974.0,971.0,975.0,1039.0,1161.0,1091.5,1266.0,327.5,18.325227554160385,77.40984924196843,0.058666642755270004,-0.06451308727264404,0.0,0.0,0.0,
2_+861722+203996,1366.0,17.5,1305.0,1033.5,1123.0,974.5,980.5,986.0,1070.5,1186.0,1115.5,1311.5,327.5,18.325317385688795,77.40984924196843,0.06480472534894943,-0.07821092754602432,0.0,0.0,0.0,
2_+861722+203997,1366.0,17.5,1305.0,1033.5,1125.0,976.0,1009.0,986.0,1070.5,1186.0,1144.5,1311.5,327.5,18.325407217217208,77.40984924196843,0.06324049830436707,-0.06545893847942352,0.0,0.0,0.0,
2_+861722+203998,1393.0,17.5,1390.5,1112.0,1127.0,987.0,1035.0,1056.5,1137.5,1251.0,1173.5,1355.0,358.0,18.32549704874562,77.40984924196843,0.0629187524318695,-0.08456087112426758,0.0,0.0,0.0,
2_+861722+203999,1393.0,17.5,1390.5,1112.0,1148.0,1009.5,1069.0,1056.5,1137.5,1251.0,1220.5,1355.0,358.0,18.32558688027403,77.40984924196843,0.06630975008010864,-0.0650278851389885,0.0,0.0,0.0,
2_+861722+204000,1393.0,17.5,1517.5,1204.0,1167.0,1046.5,1099.5,1119.0,1205.0,1331.0,1248.5,1433.5,358.0,18.325676711802444,77.40984924196843,0.0633658841252327,-0.09714235365390778,0.0,0.0,0.0,
2_+861722+204001,1393.0,17.5,1517.5,1204.0,1173.5,1053.5,1107.5,1119.0,1205.0,1331.0,1277.5,1433.5,358.0,18.325766543330857,77.40984924196843,0.07137235254049301,-0.08569342643022537,0.0,0.0,0.0,
2_+861723+203990,1369.5,17.5,1224.0,955.5,1114.5,958.0,977.0,977.0,1058.0,1155.5,1114.5,1254.5,344.0,18.324778396518326,77.40993907349684,0.06595248728990555,-0.04684028401970863,0.0,0.0,0.0,
2_+861723+203991,1369.5,17.5,1224.0,955.5,1107.5,958.5,981.5,977.0,1058.0,1155.5,1114.0,1254.5,344.0,18.324868228046736,77.40993907349684,0.06350135058164597,-0.04704028740525246,0.0,0.0,0.0,
2_+861723+203992,1366.0,17.5,1241.5,977.5,1116.5,958.5,978.0,978.0,1061.5,1164.5,1113.0,1257.5,327.5,18.32495805957515,77.40993907349684,0.06479375064373016,-0.054564446210861206,0.0,0.0,0.0,
2_+861723+203993,1366.0,17.5,1241.5,977.5,1121.5,963.5,974.5,978.0,1061.5,1164.5,1115.0,1257.5,327.5,18.325047891103562,77.40993907349684,0.06740578263998032,-0.05369892343878746,0.0,0.0,0.0,
2_+861723+203994,1366.0,17.5,1242.0,996.0,1125.0,955.5,980.0,975.0,1039.0,1161.0,1107.0,1266.0,327.5,18.325137722631972,77.40993907349684,0.06113336235284805,-0.05747130513191223,0.0,0.0,0.0,
2_+861723+203995,1366.0,17.5,1242.0,996.0,1116.0,965.0,975.0,975.0,1039.0,1161.0,1107.0,1266.0,327.5,18.325227554160385,77.40993907349684,0.06376513838768005,-0.05748680233955383,0.0,0.0,0.0,
2_+861723+203996,1366.0,17.5,1305.0,1033.5,1114.0,971.5,977.5,986.0,1070.5,1186.0,1116.0,1311.5,327.5,18.325317385688795,77.40993907349684,0.06648232787847519,-0.07801046222448349,0.0,0.0,0.0,
2_+861723+203997,1366.0,17.5,1305.0,1033.5,1126.0,982.0,1011.0,986.0,1070.5,1186.0,1157.0,1311.5,327.5,18.325407217217208,77.40993907349684,0.06747297197580338,-0.06019613891839981,0.0,0.0,0.0,
2_+861723+203998,1393.0,17.5,1390.5,1112.0,1131.5,1013.0,1053.0,1056.5,1137.5,1251.0,1223.5,1355.0,358.0,18.32549704874562,77.40993907349684,0.07508189231157303,-0.06380433589220047,0.0,0.0,0.0,
2_+861723+203999,1393.0,17.5,1390.5,1112.0,1154.0,1034.5,1078.5,1056.5,1137.5,1251.0,1216.5,1355.0,358.0,18.32558688027403,77.40993907349684,0.06021146476268768,-0.06668306887149811,0.0,0.0,0.0,
2_+861723+204000,1393.0,17.5,1517.5,1204.0,1163.5,1039.5,1094.0,1119.0,1205.0,1331.0,1238.0,1433.5,358.0,18.325676711802444,77.40993907349684,0.06183931231498718,-0.1012469232082367,0.0,0.0,0.0,
2_+861723+204001,1393.0,17.5,1517.5,1204.0,1184.0,1065.5,1128.0,1119.0,1205.0,1331.0,1312.5,1433.5,358.0,18.325766543330857,77.40993907349684,0.07571758329868317,-0.07227030396461487,0.0,0.0,0.0,
2_+861724+203990,1369.5,17.5,1233.5,955.0,1112.0,954.0,977.5,972.5,1049.5,1160.5,1104.5,1253.5,344.0,18.324778396518326,77.41002890502526,0.06132129579782486,-0.05517561733722687,0.0,0.0,0.0,
2_+861724+203991,1369.5,17.5,1233.5,955.0,1109.0,963.5,968.5,972.5,1049.5,1160.5,1118.5,1253.5,344.0,18.324868228046736,77.41002890502526,0.07210293412208557,-0.048893511295318604,0.0,0.0,0.0,
2_+861724+203992,1366.0,17.5,1246.5,966.0,1116.0,957.5,982.5,979.0,1063.0,1182.5,1113.0,1268.0,327.5,18.32495805957515,77.41002890502526,0.06259365379810333,-0.056573934853076935,0.0,0.0,0.0,
2_+861724+203993,1366.0,17.5,1246.5,966.0,1109.0,961.5,976.5,979.0,1063.0,1182.5,1107.5,1268.0,327.5,18.325047891103562,77.41002890502526,0.06313158571720123,-0.059050966054201126,0.0,0.0,0.0,
2_+861724+203994,1366.0,17.5,1259.5,978.0,1101.5,961.5,975.5,977.0,1058.0,1149.5,1102.5,1272.5,327.5,18.325137722631972,77.41002890502526,0.06140904128551483,-0.06645888090133667,0.0,0.0,0.0,
2_+861724+203995,1366.0,17.5,1259.5,978.0,1123.5,957.0,972.0,977.0,1058.0,1149.5,1098.0,1272.5,327.5,18.325227554160385,77.41002890502526,0.061120741069316864,-0.06849797070026398,0.0,0.0,0.0,
2_+861724+203996,1366.0,17.5,1322.0,1019.5,1119.0,958.0,981.5,1008.0,1137.0,1274.5,1113.0,1378.0,327.5,18.325317385688795,77.41002890502526,0.0630241185426712,-0.08569923788309097,0.0,0.0,0.0,
2_+861724+203997,1366.0,17.5,1322.0,1019.5,1123.0,980.5,1014.0,1008.0,1137.0,1274.5,1145.0,1378.0,327.5,18.325407217217208,77.41002890502526,0.061312273144721985,-0.07181279361248016,0.0,0.0,0.0,
2_+861724+203998,1393.0,17.5,1421.5,1119.0,1143.0,1020.5,1062.0,1071.5,1209.5,1323.0,1222.5,1484.5,358.0,18.32549704874562,77.41002890502526,0.07036411762237549,-0.07521948218345642,0.0,0.0,0.0,
2_+861724+203999,1393.0,17.5,1421.5,1119.0,1169.0,1030.0,1087.5,1071.5,1209.5,1323.0,1239.0,1484.5,358.0,18.32558688027403,77.41002890502526,0.06524816155433655,-0.06832794845104218,0.0,0.0,0.0,
2_+861724+204000,1393.0,17.5,1549.5,1234.5,1165.5,1040.5,1105.5,1148.5,1243.5,1378.5,1258.5,1495.0,358.0,18.325676711802444,77.41002890502526,0.06476496905088425,-0.10331287980079651,0.0,0.0,0.0,
2_+861724+204001,1393.0,17.5,1549.5,1234.5,1186.0,1076.0,1159.5,1148.5,1243.5,1378.5,1319.0,1495.0,358.0,18.325766543330857,77.41002890502526,0.06437993049621582,-0.08001561462879181,0.0,0.0,0.0,
2_+861725+203990,1369.5,17.5,1233.5,955.0,1111.5,961.5,986.5,972.5,1049.5,1160.5,1114.0,1253.5,344.0,18.324778396518326,77.41011873655367,0.06089114770293236,-0.050936974585056305,0.0,0.0,0.0,
2_+861725+203991,1369.5,17.5,1233.5,955.0,1122.0,969.0,982.0,972.5,1049.5,1160.5,1118.0,1253.5,344.0,18.324868228046736,77.41011873655367,0.06497938930988312,-0.04911936819553375,0.0,0.0,0.0,
2_+861725+203992,1366.0,17.5,1246.5,966.0,1107.0,955.0,982.0,979.0,1063.0,1182.5,1116.0,1268.0,327.5,18.32495805957515,77.41011873655367,0.06410001963376999,-0.05523144453763962,0.0,0.0,0.0,
2_+861725+203993,1366.0,17.5,1246.5,966.0,1111.0,962.5,975.0,979.0,1063.0,1182.5,1099.5,1268.0,327.5,18.325047891103562,77.41011873655367,0.0603216178715229,-0.0626576766371727,0.0,0.0,0.0,
2_+861725+203994,1366.0,17.5,1259.5,978.0,1123.0,959.0,970.5,977.0,1058.0,1149.5,1107.0,1272.5,327.5,18.325137722631972,77.41011873655367,0.0660390630364418,-0.06447212398052216,0.0,0.0,0.0,
2_+861725+203995,1366.0,17.5,1259.5,978.0,1121.5,954.0,961.5,977.0,1058.0,1149.5,1104.0,1272.5,327.5,18.325227554160385,77.41011873655367,0.06929271668195724,-0.06580270826816559,0.0,0.0,0.0,
2_+861725+203996,1366.0,17.5,1322.0,1019.5,1111.5,953.5,954.0,1008.0,1137.0,1274.5,1164.0,1378.0,327.5,18.325317385688795,77.41011873655367,0.09887757897377014,-0.0641876608133316,0.0,0.0,0.0,
2_+861725+203997,1366.0,17.5,1322.0,1019.5,1099.0,961.0,937.5,1008.0,1137.0,1274.5,1304.0,1378.0,327.5,18.325407217217208,77.41011873655367,0.16446705162525177,-0.0067466264590620995,0.0,0.0,0.0,
2_+861725+203998,1393.0,17.5,1421.5,1119.0,1143.0,1020.5,1062.0,1071.5,1209.5,1323.0,1222.5,1484.5,358.0,18.32549704874562,77.41011873655367,0.07036411762237549,-0.07521948218345642,0.0,0.0,0.0,
2_+861725+203999,1393.0,17.5,1421.5,1119.0,1169.0,1030.0,1087.5,1071.5,1209.5,1323.0,1239.0,1484.5,358.0,18.32558688027403,77.41011873655367,0.06524816155433655,-0.06832794845104218,0.0,0.0,0.0,
2_+861725+204000,1393.0,17.5,1549.5,1234.5,1165.5,1040.5,1105.5,1148.5,1243.5,1378.5,1258.5,1495.0,358.0,18.325676711802444,77.41011873655367,0.06476496905088425,-0.10331287980079651,0.0,0.0,0.0,
2_+861725+204001,1393.0,17.5,1549.5,1234.5,1186.0,1076.0,1159.5,1148.5,1243.5,1378.5,1319.0,1495.0,358.0,18.325766543330857,77.41011873655367,0.06437993049621582,-0.08001561462879181,0.0,0.0,0.0,
2_+861726+203990,1381.0,18.5,1266.0,968.5,1116.0,952.0,968.0,988.0,1074.5,1197.5,1126.5,1312.5,373.5,18.324778396518326,77.41020856808208,0.07583294063806534,-0.058323971927165985,0.0,0.0,0.0,
2_+861726+203991,1381.0,18.5,1266.0,968.5,1114.5,966.0,974.0,988.0,1074.5,1197.5,1124.0,1312.5,373.5,18.324868228046736,77.41020856808208,0.0717146098613739,-0.059361428022384644,0.0,0.0,0.0,
2_+861726+203992,1371.0,18.0,1247.5,974.0,1105.0,953.0,974.5,963.0,1042.0,1165.5,1119.0,1302.5,361.5,18.32495805957515,77.41020856808208,0.06916619837284088,-0.05434463918209076,0.0,0.0,0.0,
2_+861726+203993,1371.0,18.0,1247.5,974.0,1105.5,959.5,976.5,963.0,1042.0,1165.5,1115.5,1302.5,361.5,18.325047891103562,77.41020856808208,0.0665479376912117,-0.05591581016778946,0.0,0.0,0.0,
2_+861726+203994,1366.0,17.5,1259.5,978.0,1123.0,959.0,970.5,977.0,1058.0,1149.5,1107.0,1272.5,327.5,18.325137722631972,77.41020856808208,0.0660390630364418,-0.06447212398052216,0.0,0.0,0.0,
2_+861726+203995,1366.0,17.5,1259.5,978.0,1121.5,954.0,961.5,977.0,1058.0,1149.5,1104.0,1272.5,327.5,18.325227554160385,77.41020856808208,0.06929271668195724,-0.06580270826816559,0.0,0.0,0.0,
2_+861726+203996,1366.0,17.5,1322.0,1019.5,1111.5,953.5,954.0,1008.0,1137.0,1274.5,1164.0,1378.0,327.5,18.325317385688795,77.41020856808208,0.09887757897377014,-0.0641876608133316,0.0,0.0,0.0,
2_+861726+203997,1366.0,17.5,1322.0,1019.5,1099.0,961.0,937.5,1008.0,1137.0,1274.5,1304.0,1378.0,327.5,18.325407217217208,77.41020856808208,0.16446705162525177,-0.0067466264590620995,0.0,0.0,0.0,
2_+861726+203998,1459.0,26.0,1467.0,1116.0,1213.0,1059.0,1106.0,1093.0,1209.0,1365.0,1296.0,1487.0,290.0,18.32549704874562,77.41020856808208,0.07910075038671494,-0.061889249831438065,0.0,0.0,0.0,
2_+861726+203999,1393.0,17.5,1421.5,1119.0,1161.5,1041.5,1089.5,1071.5,1209.5,1323.0,1266.0,1484.5,358.0,18.32558688027403,77.41020856808208,0.07537081092596054,-0.05759558826684952,0.0,0.0,0.0,
2_+861726+204000,1393.0,17.5,1549.5,1234.5,1168.5,1054.0,1127.0,1148.5,1243.5,1378.5,1283.0,1495.0,358.0,18.325676711802444,77.41020856808208,0.06488370150327682,-0.09374845772981644,0.0,0.0,0.0,
2_+861726+204001,1393.0,17.5,1549.5,1234.5,1190.0,1071.0,1165.0,1148.5,1243.5,1378.5,1320.5,1495.0,358.0,18.325766543330857,77.41020856808208,0.06280267238616943,-0.07947239279747009,0.0,0.0,0.0,
2_+861727+203990,1381.0,18.5,1266.0,968.5,1113.0,969.0,979.5,988.0,1074.5,1197.5,1152.5,1312.5,373.5,18.324778396518326,77.4102983996105,0.0806584358215332,-0.04744495451450348,0.0,0.0,0.0,
2_+861727+203991,1381.0,18.5,1266.0,968.5,1114.5,966.0,974.0,988.0,1074.5,1197.5,1124.0,1312.5,373.5,18.324868228046736,77.4102983996105,0.0717146098613739,-0.059361428022384644,0.0,0.0,0.0,
2_+861727+203992,1371.0,18.0,1247.5,974.0,1105.0,953.0,974.5,963.0,1042.0,1165.5,1119.0,1302.5,361.5,18.32495805957515,77.4102983996105,0.06916619837284088,-0.05434463918209076,0.0,0.0,0.0,
2_+861727+203993,1371.0,18.0,1247.5,974.0,1105.5,959.5,976.5,963.0,1042.0,1165.5,1115.5,1302.5,361.5,18.325047891103562,77.4102983996105,0.0665479376912117,-0.05591581016778946,0.0,0.0,0.0,
2_+861727+203994,1371.0,18.0,1261.0,980.5,1119.0,957.0,972.0,947.5,1045.0,1149.5,1108.5,1296.5,361.5,18.325137722631972,77.4102983996105,0.06589306145906448,-0.06431357562541962,0.0,0.0,0.0,
2_+861727+203995,1371.0,18.0,1261.0,980.5,1114.5,956.5,964.0,947.5,1045.0,1149.5,1101.0,1296.5,361.5,18.325227554160385,77.4102983996105,0.06674009561538696,-0.06770080327987671,0.0,0.0,0.0,
2_+861727+203996,1371.0,18.0,1304.5,1005.0,1111.5,958.5,953.0,994.5,1115.5,1270.0,1213.0,1341.0,361.5,18.325317385688795,77.4102983996105,0.11842719465494156,-0.038481205701828,0.0,0.0,0.0,
2_+861727+203997,1299.0,10.0,1278.0,1023.0,1050.0,937.0,909.0,963.0,1074.0,1240.0,1271.0,1265.0,436.0,18.325407217217208,77.4102983996105,0.16605503857135773,-0.002746175043284893,0.0,0.0,0.0,
2_+861727+203998,1449.0,26.0,1415.0,1076.0,1209.0,1061.0,1095.0,1055.0,1165.0,1297.0,1278.0,1425.0,283.0,18.32549704874562,77.4102983996105,0.07711756974458694,-0.05087263137102127,0.0,0.0,0.0,
2_+861727+203999,1379.5,18.5,1372.5,1069.0,1135.0,1015.0,1043.0,1028.5,1137.5,1271.0,1199.0,1380.0,351.5,18.32558688027403,77.4102983996105,0.07004711031913757,-0.06732086837291718,0.0,0.0,0.0,
2_+861727+204000,1379.5,18.5,1516.0,1201.0,1150.0,1011.0,1050.0,1091.0,1169.5,1302.0,1193.0,1443.5,351.5,18.325676711802444,77.4102983996105,0.06420089304447174,-0.11856913566589355,0.0,0.0,0.0,
2_+861727+204001,1379.5,18.5,1516.0,1201.0,1166.5,1043.0,1097.5,1091.0,1169.5,1302.0,1266.5,1443.5,351.5,18.325766543330857,77.4102983996105,0.07213436812162399,-0.08970902860164642,0.0,0.0,0.0,
2_+861728+203991,1381.0,18.5,1266.0,968.5,1122.0,959.5,970.5,988.0,1074.5,1197.5,1132.0,1312.5,373.5,18.324868228046736,77.41038823113891,0.07716597616672516,-0.0558573380112648,0.0,0.0,0.0,
2_+861728+203992,1371.0,18.0,1247.5,974.0,1121.0,958.5,982.5,963.0,1042.0,1165.5,1121.5,1302.5,361.5,18.32495805957515,77.41038823113891,0.06632306426763535,-0.05319024622440338,0.0,0.0,0.0,
2_+861728+203993,1371.0,18.0,1247.5,974.0,1117.5,955.5,969.5,963.0,1042.0,1165.5,1114.0,1302.5,361.5,18.325047891103562,77.41038823113891,0.0694192424416542,-0.05655622482299805,0.0,0.0,0.0,
2_+861728+203994,1371.0,18.0,1261.0,980.5,1119.5,958.5,955.5,947.5,1045.0,1149.5,1107.0,1296.5,361.5,18.325137722631972,77.41038823113891,0.07379387319087982,-0.06498409807682037,0.0,0.0,0.0,
2_+861728+203995,1371.0,18.0,1261.0,980.5,1113.0,955.0,952.0,947.5,1045.0,1149.5,1089.0,1296.5,361.5,18.325227554160385,77.41038823113891,0.06762240827083588,-0.07314029335975647,0.0,0.0,0.0,
2_+861728+203996,1371.0,18.0,1304.5,1005.0,1112.0,955.5,962.0,994.5,1115.5,1270.0,1105.5,1341.0,361.5,18.325317385688795,77.41038823113891,0.06989707052707672,-0.08269618451595306,0.0,0.0,0.0,
2_+861728+203997,1371.0,18.0,1304.5,1005.0,1119.5,963.0,978.5,994.5,1115.5,1270.0,1148.5,1341.0,361.5,18.325407217217208,77.41038823113891,0.08016734570264816,-0.06412462890148163,0.0,0.0,0.0,
2_+861728+203998,1379.5,18.5,1372.5,1069.0,1120.5,971.0,994.0,1028.5,1137.5,1271.0,1143.0,1380.0,351.5,18.32549704874562,77.41038823113891,0.07025829702615738,-0.09115545451641083,0.0,0.0,0.0,
2_+861728+203999,1379.5,18.5,1372.5,1069.0,1126.5,974.5,997.0,1028.5,1137.5,1271.0,1134.0,1380.0,351.5,18.32558688027403,77.41038823113891,0.06505191326141357,-0.09495757520198822,0.0,0.0,0.0,
2_+861728+204000,1379.5,18.5,1516.0,1201.0,1128.0,979.5,1015.5,1091.0,1169.5,1302.0,1145.0,1443.5,351.5,18.325676711802444,77.41038823113891,0.06041993200778961,-0.13855735957622528,0.0,0.0,0.0,
2_+861728+204001,1379.5,18.5,1516.0,1201.0,1151.5,1033.5,1069.5,1091.0,1169.5,1302.0,1239.0,1443.5,351.5,18.325766543330857,77.41038823113891,0.0735684409737587,-0.10078644007444382,0.0,0.0,0.0,
2_+861728+204002,1379.5,18.5,1849.0,1433.0,1218.5,1120.0,1217.5,1245.5,1393.0,1506.5,1427.5,1718.0,351.5,18.325856374859267,77.41038823113891,0.07942113280296326,-0.12908488512039185,0.0,0.0,0.0,
3_+861783+204023,1384.5,17.0,1440.0,1103.0,1141.0,995.0,1020.0,1081.5,1167.0,1313.5,1147.5,1423.0,349.5,18.32774283695592,77.41532896520157,0.05866462364792824,-0.11298519372940063,0.0,0.0,0.0,
3_+861783+204024,1384.5,17.0,1254.5,948.5,1118.5,981.0,985.0,985.0,1052.5,1155.0,1116.5,1248.0,349.5,18.32783266848433,77.41532896520157,0.0621781162917614,-0.05851355940103531,0.0,0.0,0.0,
3_+861783+204025,1384.5,17.0,1254.5,948.5,1125.5,960.5,965.5,985.0,1052.5,1155.0,1080.5,1248.0,349.5,18.327922500012743,77.41532896520157,0.05611759051680565,-0.07465331256389618,0.0,0.0,0.0,
3_+861783+204026,1384.5,17.0,1207.5,936.0,1109.5,961.5,963.5,979.5,1033.0,1142.0,1073.5,1263.5,349.5,18.328012331541156,77.41532896520157,0.05432208254933357,-0.058723084628582,0.0,0.0,0.0,
3_+861784+204023,1375.0,17.0,1252.0,967.5,1121.5,974.0,995.5,979.5,1068.5,1171.5,1100.0,1270.5,334.0,18.32774283695592,77.41541879672998,0.05038204789161682,-0.06472542136907578,0.0,0.0,0.0,
3_+861784+204024,1375.0,17.0,1253.0,971.5,1125.5,979.0,990.5,976.0,1087.5,1177.5,1130.0,1285.5,334.0,18.32783266848433,77.41541879672998,0.06602655351161957,-0.05171269550919533,0.0,0.0,0.0,
3_+861784+204025,1375.0,17.0,1253.0,971.5,1121.5,970.5,994.5,976.0,1087.5,1177.5,1152.0,1285.5,334.0,18.327922500012743,77.41541879672998,0.0739152804017067,-0.042036715894937515,0.0,0.0,0.0,
3_+861784+204026,1375.0,17.0,1285.0,991.5,1132.5,986.5,1014.5,999.0,1113.0,1200.0,1162.0,1344.5,334.0,18.328012331541156,77.41541879672998,0.0683937668800354,-0.05016128346323967,0.0,0.0,0.0,
3_+861784+204027,1375.0,17.0,1285.0,991.5,1144.5,1022.0,1040.0,999.0,1113.0,1200.0,1194.0,1344.5,334.0,18.328102163069566,77.41541879672998,0.0690663605928421,-0.03669210150837898,0.0,0.0,0.0,
3_+861784+204028,1381.5,16.5,1458.0,1112.5,1136.5,1003.0,1036.0,1090.0,1184.5,1348.0,1218.0,1448.0,349.0,18.32819199459798,77.41541879672998,0.08044134825468063,-0.08924650400876999,0.0,0.0,0.0,
3_+861784+204029,1381.5,16.5,1458.0,1112.5,1149.0,1020.0,1069.0,1090.0,1184.5,1348.0,1234.0,1448.0,349.0,18.32828182612639,77.41541879672998,0.07217268645763397,-0.08253666758537292,0.0,0.0,0.0,
3_+861785+204023,1375.0,17.0,1252.0,967.5,1114.5,967.0,969.5,979.5,1068.5,1171.5,1083.5,1270.5,334.0,18.32774283695592,77.4155086282584,0.055840443819761276,-0.07213084399700165,0.0,0.0,0.0,
3_+861785+204024,1375.0,17.0,1253.0,971.5,1115.0,965.0,971.0,976.0,1087.5,1177.5,1075.0,1285.5,334.0,18.32783266848433,77.4155086282584,0.05109846964478493,-0.07647833228111267,0.0,0.0,0.0,
3_+861785+204025,1375.0,17.0,1253.0,971.5,1109.5,972.0,988.0,976.0,1087.5,1177.5,1099.0,1285.5,334.0,18.327922500012743,77.4155086282584,0.05346251279115677,-0.0656924769282341,0.0,0.0,0.0,
3_+861785+204026,1375.0,17.0,1285.0,991.5,1122.5,973.5,1008.0,999.0,1113.0,1200.0,1137.5,1344.5,334.0,18.328012331541156,77.4155086282584,0.06070321053266525,-0.06100035458803177,0.0,0.0,0.0,
3_+861785+204027,1375.0,17.0,1285.0,991.5,1137.0,994.0,1051.5,999.0,1113.0,1200.0,1184.5,1344.5,334.0,18.328102163069566,77.4155086282584,0.05978802964091301,-0.041079118847846985,0.0,0.0,0.0,
3_+861785+204028,1381.5,16.5,1458.0,1112.5,1143.5,1015.0,1080.5,1090.0,1184.5,1348.0,1242.5,1448.0,349.0,18.32819199459798,77.4155086282584,0.06972671300172806,-0.07970880717039108,0.0,0.0,0.0,
3_+861785+204029,1381.5,16.5,1458.0,1112.5,1166.5,1039.0,1143.5,1090.0,1184.5,1348.0,1350.0,1448.0,349.0,18.32828182612639,77.4155086282584,0.08279791474342346,-0.038379084318876266,0.0,0.0,0.0,
3_+861785+204030,1381.5,16.5,1706.5,1304.5,1200.5,1099.5,1200.5,1208.5,1387.5,1525.5,1568.5,1764.0,349.0,18.328371657654802,77.4155086282584,0.13318368792533875,-0.04183822125196457,0.0,0.0,0.0,
3_+861785+204031,1453.0,23.0,1778.0,1306.0,1257.0,1150.0,1259.0,1203.0,1348.0,1554.0,1553.0,1789.0,277.0,18.328461489183216,77.4155086282584,0.10455191880464554,-0.0675472840666771,0.0,0.0,0.0,
3_+861786+204023,1375.0,17.0,1228.5,941.0,1113.0,972.0,981.0,974.0,1024.5,1150.0,1086.0,1203.5,334.0,18.32774283695592,77.4155984597868,0.051096655428409576,-0.06148198992013931,0.0,0.0,0.0,
3_+861786+204024,1375.0,17.0,1221.0,955.5,1112.5,970.0,973.0,961.0,1018.0,1132.0,1077.5,1204.5,334.0,18.32783266848433,77.4155984597868,0.051304977387189865,-0.062391962856054306,0.0,0.0,0.0,
3_+861786+204025,1375.0,17.0,1221.0,955.5,1114.0,964.5,978.0,961.0,1018.0,1132.0,1073.5,1204.5,334.0,18.327922500012743,77.4155984597868,0.047009725123643875,-0.06425229460000992,0.0,0.0,0.0,
3_+861786+204026,1375.0,17.0,1249.0,970.0,1110.5,967.0,975.5,979.5,1055.0,1151.0,1086.0,1248.5,334.0,18.328012331541156,77.4155984597868,0.053925301879644394,-0.06942000985145569,0.0,0.0,0.0,
3_+861786+204027,1375.0,17.0,1249.0,970.0,1109.0,973.0,977.0,979.5,1055.0,1151.0,1102.5,1248.5,334.0,18.328102163069566,77.4155984597868,0.0606323778629303,-0.061956509947776794,0.0,0.0,0.0,
3_+861786+204028,1381.5,16.5,1457.5,1118.5,1119.5,992.0,1009.0,1077.0,1163.0,1308.0,1141.5,1408.0,349.0,18.32819199459798,77.4155984597868,0.06171648949384689,-0.12066301703453064,0.0,0.0,0.0,
3_+861786+204029,1381.5,16.5,1457.5,1118.5,1147.5,1032.0,1085.5,1077.0,1163.0,1308.0,1296.5,1408.0,349.0,18.32828182612639,77.4155984597868,0.08888047188520432,-0.058074645698070526,0.0,0.0,0.0,
3_+861786+204030,1381.5,16.5,1736.5,1302.0,1184.5,1090.0,1181.5,1196.0,1359.5,1489.0,1529.5,1658.0,349.0,18.328371657654802,77.4155984597868,0.1287640780210495,-0.06339194625616074,0.0,0.0,0.0,
3_+861786+204031,1381.5,16.5,1736.5,1302.0,1215.5,1120.0,1241.0,1196.0,1359.5,1489.0,1581.0,1658.0,349.0,18.328461489183216,77.4155984597868,0.12066611647605896,-0.04651317000389099,0.0,0.0,0.0,
3_+861786+204032,1381.5,16.5,1586.5,1178.5,1191.0,1089.5,1175.5,1156.5,1260.0,1449.0,1463.0,1552.0,349.0,18.328551320711625,77.4155984597868,0.10834809392690659,-0.04116970673203468,0.0,0.0,0.0,
3_+861786+204033,1381.5,16.5,1586.5,1178.5,1159.0,1029.5,1087.5,1156.5,1260.0,1449.0,1378.0,1552.0,349.0,18.32864115224004,77.4155984597868,0.11782949417829514,-0.0702459067106247,0.0,0.0,0.0,
3_+861787+204023,1375.0,17.0,1228.5,941.0,1118.5,980.0,978.5,974.0,1024.5,1150.0,1099.0,1203.5,334.0,18.32774283695592,77.4156882913152,0.05826207995414734,-0.05556948482990265,0.0,0.0,0.0,
3_+861787+204024,1375.0,17.0,1221.0,955.5,1118.5,966.0,970.0,961.0,1018.0,1132.0,1089.5,1204.5,334.0,18.32783266848433,77.4156882913152,0.058366548269987106,-0.056876376271247864,0.0,0.0,0.0,
3_+861787+204025,1375.0,17.0,1221.0,955.5,1122.0,958.0,971.0,961.0,1018.0,1132.0,1082.0,1204.5,334.0,18.327922500012743,77.4156882913152,0.054591841995716095,-0.06033172085881233,0.0,0.0,0.0,
3_+861787+204026,1375.0,17.0,1249.0,970.0,1121.0,963.5,975.5,979.5,1055.0,1151.0,1090.5,1248.5,334.0,18.328012331541156,77.4156882913152,0.055994607508182526,-0.0674980878829956,0.0,0.0,0.0,
3_+861787+204027,1375.0,17.0,1249.0,970.0,1118.5,964.0,982.0,979.5,1055.0,1151.0,1106.5,1248.5,334.0,18.328102163069566,77.4156882913152,0.060042645782232285,-0.06013312190771103,0.0,0.0,0.0,
3_+861787+204028,1381.5,16.5,1457.5,1118.5,1118.0,977.5,1011.0,1077.0,1163.0,1308.0,1126.5,1408.0,349.0,18.32819199459798,77.4156882913152,0.05475032702088356,-0.126859650015831,0.0,0.0,0.0,
3_+861787+204029,1381.5,16.5,1457.5,1118.5,1144.0,1017.0,1061.5,1077.0,1163.0,1308.0,1228.0,1408.0,349.0,18.32828182612639,77.4156882913152,0.07331880182027817,-0.08474896848201752,0.0,0.0,0.0,
3_+861787+204030,1381.5,16.5,1736.5,1302.0,1188.0,1059.5,1142.0,1196.0,1359.5,1489.0,1359.5,1658.0,349.0,18.328371657654802,77.4156882913152,0.08717149496078491,-0.12173518538475037,0.0,0.0,0.0,
3_+861787+204031,1381.5,16.5,1736.5,1302.0,1192.0,1077.5,1170.0,1196.0,1359.5,1489.0,1402.5,1658.0,349.0,18.328461489183216,77.4156882913152,0.09045560657978058,-0.10602320730686188,0.0,0.0,0.0,
3_+861787+204032,1381.5,16.5,1586.5,1178.5,1162.0,1037.5,1098.5,1156.5,1260.0,1449.0,1310.5,1552.0,349.0,18.328551320711625,77.4156882913152,0.08772028237581253,-0.09544673562049866,0.0,0.0,0.0,
3_+861787+204033,1381.5,16.5,1586.5,1178.5,1146.0,1020.5,1048.0,1156.5,1260.0,1449.0,1265.0,1552.0,349.0,18.32864115224004,77.4156882913152,0.09476851671934128,-0.11270280182361603,0.0,0.0,0.0,
3_+861788+204023,1375.0,17.0,1395.0,979.5,1103.5,955.0,949.5,1019.5,1238.5,1453.0,1117.0,1550.5,334.0,18.32774283695592,77.41577812284362,0.08180736750364304,-0.11057350784540176,0.0,0.0,0.0,
3_+861788+204024,1375.0,17.0,1294.5,968.0,1110.5,965.5,971.5,974.0,1115.0,1205.5,1092.5,1350.5,334.0,18.32783266848433,77.41577812284362,0.05892839655280113,-0.08457042276859283,0.0,0.0,0.0,
3_+861788+204025,1375.0,17.0,1294.5,968.0,1113.5,958.5,973.0,974.0,1115.0,1205.5,1075.0,1350.5,334.0,18.327922500012743,77.41577812284362,0.050119202584028244,-0.09258220344781876,0.0,0.0,0.0,
3_+861788+204026,1375.0,17.0,1265.0,973.0,1118.0,968.5,967.5,967.5,1030.0,1126.0,1067.0,1222.0,334.0,18.328012331541156,77.41577812284362,0.04929589852690697,-0.08492939919233322,0.0,0.0,0.0,
3_+861788+204027,1375.0,17.0,1265.0,973.0,1116.0,957.0,971.0,967.5,1030.0,1126.0,1078.5,1222.0,334.0,18.328102163069566,77.41577812284362,0.05295681953430176,-0.07960759848356247,0.0,0.0,0.0,
3_+861788+204028,1381.5,16.5,1430.5,1129.5,1113.0,967.0,992.5,1053.5,1141.5,1255.5,1111.0,1397.5,349.0,18.32819199459798,77.41577812284362,0.05704078450798988,-0.12487038224935532,0.0,0.0,0.0,
3_+861788+204029,1381.5,16.5,1430.5,1129.5,1148.5,1024.0,1076.0,1053.5,1141.5,1255.5,1251.5,1397.5,349.0,18.32828182612639,77.41577812284362,0.07561314105987549,-0.0662795752286911,0.0,0.0,0.0,
3_+861788+204030,1381.5,16.5,1671.0,1269.0,1198.0,1072.0,1160.0,1152.0,1253.5,1383.0,1377.5,1540.5,349.0,18.328371657654802,77.41577812284362,0.08588085323572159,-0.09626507759094238,0.0,0.0,0.0,
3_+861788+204031,1381.5,16.5,1671.0,1269.0,1189.0,1064.5,1140.0,1152.0,1253.5,1383.0,1372.0,1540.5,349.0,18.328461489183216,77.41577812284362,0.09201084077358246,-0.098478302359581,0.0,0.0,0.0,
3_+861788+204032,1381.5,16.5,1467.0,1109.5,1146.5,996.0,1059.5,1076.0,1150.5,1304.0,1227.0,1442.5,349.0,18.328551320711625,77.41577812284362,0.07259304821491241,-0.08963488042354584,0.0,0.0,0.0,
3_+861788+204033,1381.5,16.5,1467.0,1109.5,1129.5,985.0,1002.5,1076.0,1150.5,1304.0,1174.5,1442.5,349.0,18.32864115224004,77.41577812284362,0.07969913631677628,-0.1110440343618393,0.0,0.0,0.0,
3_+861789+204023,1449.0,24.0,1369.0,962.0,1172.0,1025.0,981.0,1009.0,1155.0,1412.0,1326.0,1496.0,273.0,18.32774283695592,77.41586795437203,0.1495448648929596,-0.015955472365021706,0.0,0.0,0.0,
3_+861789+204024,1375.0,17.0,1294.5,968.0,1100.0,971.0,958.5,974.0,1115.0,1205.5,1196.5,1350.5,334.0,18.32783266848433,77.41586795437203,0.10939384996891022,-0.0405891090631485,0.0,0.0,0.0,
3_+861789+204025,1375.0,17.0,1294.5,968.0,1117.0,973.5,974.0,974.0,1115.0,1205.5,1093.5,1350.5,334.0,18.327922500012743,77.41586795437203,0.05806155875325203,-0.08417104184627533,0.0,0.0,0.0,
3_+861789+204026,1375.0,17.0,1265.0,973.0,1115.5,968.5,975.0,967.5,1030.0,1126.0,1088.5,1222.0,334.0,18.328012331541156,77.41586795437203,0.05530253052711487,-0.07500402629375458,0.0,0.0,0.0,
3_+861789+204027,1375.0,17.0,1265.0,973.0,1116.0,960.5,971.0,967.5,1030.0,1126.0,1074.5,1222.0,334.0,18.328102163069566,77.41586795437203,0.050865236669778824,-0.0814656913280487,0.0,0.0,0.0,
3_+861789+204028,1381.5,16.5,1430.5,1129.5,1120.5,971.0,1000.5,1053.5,1141.5,1255.5,1118.5,1397.5,349.0,18.32819199459798,77.41586795437203,0.05642883852124214,-0.12186238169670105,0.0,0.0,0.0,
3_+861789+204029,1381.5,16.5,1430.5,1129.5,1158.5,1030.5,1105.5,1053.5,1141.5,1255.5,1291.0,1397.5,349.0,18.32828182612639,77.41586795437203,0.07777679711580276,-0.05105626955628395,0.0,0.0,0.0,
3_+861789+204030,1381.5,16.5,1671.0,1269.0,1189.5,1070.5,1177.0,1152.0,1253.5,1383.0,1402.0,1540.5,349.0,18.328371657654802,77.41586795437203,0.08743536472320557,-0.08749492466449738,0.0,0.0,0.0,
3_+861789+204031,1381.5,16.5,1671.0,1269.0,1176.5,1069.0,1125.5,1152.0,1253.5,1383.0,1365.5,1540.5,349.0,18.328461489183216,77.41586795437203,0.09600584208965302,-0.10082481056451797,0.0,0.0,0.0,
3_+861789+204032,1381.5,16.5,1467.0,1109.5,1148.0,1001.0,1045.0,1076.0,1150.5,1304.0,1188.5,1442.5,349.0,18.328551320711625,77.41586795437203,0.06358589231967926,-0.10542522370815277,0.0,0.0,0.0,
3_+861790+204025,1395.5,16.5,1699.0,1196.0,1143.0,1006.5,1072.0,1122.0,1321.5,1420.0,1270.5,1614.5,387.0,18.327922500012743,77.41595778590045,0.08453603088855743,-0.14438945055007935,0.0,0.0,0.0,
3_+861790+204026,1395.5,16.5,1551.5,1127.0,1141.5,1007.0,1055.5,1080.5,1184.5,1338.0,1218.0,1439.5,387.0,18.328012331541156,77.41595778590045,0.07119615375995636,-0.12065191566944122,0.0,0.0,0.0,
3_+861790+204027,1395.5,16.5,1551.5,1127.0,1121.5,982.5,1011.0,1080.5,1184.5,1338.0,1138.0,1439.5,387.0,18.328102163069566,77.41595778590045,0.05912790074944496,-0.15380379557609558,0.0,0.0,0.0,
3_+861790+204028,1392.0,16.0,1611.0,1237.0,1124.0,984.0,1013.0,1107.5,1276.0,1375.5,1150.5,1566.0,369.5,18.32819199459798,77.41595778590045,0.06451033800840378,-0.16608795523643494,0.0,0.0,0.0,
3_+861790+204029,1392.0,16.0,1611.0,1237.0,1172.0,1045.0,1112.5,1107.5,1276.0,1375.5,1309.5,1566.0,369.5,18.32828182612639,77.41595778590045,0.08176956325769424,-0.10357469320297241,0.0,0.0,0.0,
3_+861790+204030,1392.0,16.0,1771.0,1352.5,1199.0,1095.5,1201.0,1230.5,1324.0,1493.0,1462.5,1627.5,369.5,18.328371657654802,77.41595778590045,0.09820569306612015,-0.09542656689882278,0.0,0.0,0.0,
3_+861790+204031,1392.0,16.0,1771.0,1352.5,1190.5,1067.0,1164.0,1230.5,1324.0,1493.0,1394.0,1627.5,369.5,18.328461489183216,77.41595778590045,0.08923621475696564,-0.11976756900548935,0.0,0.0,0.0,
3_+861790+204032,1392.0,16.0,1479.5,1132.0,1153.5,1010.0,1068.5,1076.5,1194.5,1298.0,1199.5,1453.0,369.5,18.328551320711625,77.41595778590045,0.057225365191698074,-0.10484214872121811,0.0,0.0,0.0,
3_+861791+204028,1392.0,16.0,1611.0,1237.0,1147.5,1019.5,1050.0,1107.5,1276.0,1375.5,1333.5,1566.0,369.5,18.32819199459798,77.41604761742886,0.11891386657953262,-0.09377487003803253,0.0,0.0,0.0,
3_+861791+204029,1392.0,16.0,1611.0,1237.0,1187.5,1076.5,1187.0,1107.5,1276.0,1375.5,1432.5,1566.0,369.5,18.32828182612639,77.41604761742886,0.09414248913526535,-0.058078788220882416,0.0,0.0,0.0,
3_+861791+204030,1392.0,16.0,1771.0,1352.5,1229.5,1135.5,1273.0,1230.5,1324.0,1493.0,1561.0,1627.5,369.5,18.328371657654802,77.41604761742886,0.10159546136856079,-0.06309524178504944,0.0,0.0,0.0,
3_+861791+204031,1392.0,16.0,1771.0,1352.5,1211.0,1101.5,1205.5,1230.5,1324.0,1493.0,1448.0,1627.5,369.5,18.328461489183216,77.41604761742886,0.08984532207250595,-0.10188858211040497,0.0,0.0,0.0,
3_+861791+204032,1392.0,16.0,1479.5,1132.0,1165.5,1029.5,1079.5,1076.5,1194.5,1298.0,1231.0,1453.0,369.5,18.328551320711625,77.41604761742886,0.0646374449133873,-0.09235256910324097,0.0,0.0,0.0,
3_+861792+204030,1392.0,16.0,1815.5,1323.5,1185.0,1104.5,1203.0,1212.5,1357.0,1524.5,1526.0,1660.0,369.5,18.328371657654802,77.41613744895727,0.11897741258144379,-0.08662943542003632,0.0,0.0,0.0,
3_+861792+204031,1392.0,16.0,1815.5,1323.5,1192.5,1100.0,1210.0,1212.5,1357.0,1524.5,1485.5,1660.0,369.5,18.328461489183216,77.41613744895727,0.10163164883852005,-0.10042120516300201,0.0,0.0,0.0,
3_+861792+204032,1392.0,16.0,1623.0,1179.5,1176.5,1059.0,1128.5,1147.5,1283.5,1438.0,1335.5,1582.5,369.5,18.328551320711625,77.41613744895727,0.08251392096281052,-0.09845250844955444,0.0,0.0,0.0,
3_+861793+204032,1392.0,16.0,1623.0,1179.5,1175.0,1063.5,1166.0,1147.5,1283.5,1438.0,1480.5,1582.5,369.5,18.328551320711625,77.41622728048569,0.11841826140880585,-0.04625290632247925,0.0,0.0,0.0,
4_+861749+203946,1446.0,25.0,1352.0,1033.0,1203.0,1063.0,1051.0,1062.0,1185.0,1311.0,1207.0,1416.0,260.0,18.3208258092682,77.41227469323556,0.0690876916050911,-0.05666276067495346,0.0,0.0,0.0,
4_+861749+203947,1380.5,17.0,1361.0,1060.5,1132.0,982.0,1005.5,1084.0,1211.0,1326.5,1128.0,1447.5,325.0,18.32091564079661,77.41227469323556,0.05663236230611801,-0.09429603815078735,0.0,0.0,0.0,
4_+861749+203948,1380.5,17.0,1264.5,999.0,1106.5,960.0,953.0,1005.0,1121.5,1267.0,1083.0,1364.0,325.0,18.321005472325023,77.41227469323556,0.06406307220458984,-0.07735490798950195,0.0,0.0,0.0,
4_+861750+203946,1380.5,17.0,1361.0,1060.5,1179.0,1071.5,1123.5,1084.0,1211.0,1326.5,1329.5,1447.5,325.0,18.3208258092682,77.41236452476397,0.08375260978937149,-0.011905146762728691,0.0,0.0,0.0,
4_+861750+203947,1380.5,17.0,1361.0,1060.5,1155.5,1032.5,1067.5,1084.0,1211.0,1326.5,1279.0,1447.5,325.0,18.32091564079661,77.41236452476397,0.09012842178344727,-0.03118492104113102,0.0,0.0,0.0,
4_+861750+203948,1380.5,17.0,1264.5,999.0,1132.0,994.5,1017.0,1005.0,1121.5,1267.0,1250.0,1364.0,325.0,18.321005472325023,77.41236452476397,0.10272735357284546,-0.00579952634871006,0.0,0.0,0.0,
4_+861750+203949,1446.0,25.0,1249.0,956.0,1172.0,996.0,1023.0,983.0,1111.0,1283.0,1182.0,1353.0,260.0,18.321095303853436,77.41236452476397,0.07210884243249893,-0.027560675516724586,0.0,0.0,0.0,
4_+861750+203950,1438.0,25.0,1211.0,918.0,1161.0,991.0,960.0,969.0,1092.0,1306.0,1157.0,1417.0,260.0,18.321185135381846,77.41236452476397,0.09305620938539505,-0.022804053500294685,0.0,0.0,0.0,
4_+861750+203951,1438.0,25.0,1211.0,918.0,1158.0,987.0,940.0,969.0,1092.0,1306.0,1109.0,1417.0,260.0,18.32127496691026,77.41236452476397,0.08247926086187363,-0.04396551847457886,0.0,0.0,0.0,
4_+861750+203952,1438.0,25.0,1220.0,916.0,1172.0,995.0,977.0,966.0,1026.0,1208.0,1073.0,1298.0,260.0,18.32136479843867,77.41236452476397,0.04682926833629608,-0.06410815566778183,0.0,0.0,0.0,
4_+861751+203945,1387.5,17.5,1378.0,1099.5,1181.0,1068.5,1128.0,1116.0,1208.0,1329.5,1258.5,1425.0,334.5,18.320735977739787,77.41245435629239,0.05469485744833946,-0.045356690883636475,0.0,0.0,0.0,
4_+861751+203946,1387.5,17.5,1424.5,1116.0,1181.5,1077.0,1136.5,1130.0,1223.0,1349.5,1289.5,1440.0,334.5,18.3208258092682,77.41245435629239,0.06313411146402359,-0.04968315735459328,0.0,0.0,0.0,
4_+861751+203947,1387.5,17.5,1424.5,1116.0,1188.0,1074.0,1134.0,1130.0,1223.0,1349.5,1308.0,1440.0,334.5,18.32091564079661,77.41245435629239,0.07125541567802429,-0.04256044328212738,0.0,0.0,0.0,
4_+861751+203948,1387.5,17.5,1442.0,1100.0,1182.0,1071.0,1125.5,1139.5,1264.5,1391.0,1359.0,1472.5,334.5,18.321005472325023,77.41245435629239,0.09403697401285172,-0.02957240864634514,0.0,0.0,0.0,
4_+861751+203949,1453.0,25.0,1464.0,1061.0,1211.0,1074.0,1121.0,1134.0,1275.0,1418.0,1405.0,1483.0,267.0,18.321095303853436,77.41245435629239,0.11243072152137756,-0.02056465670466423,0.0,0.0,0.0,
4_+861751+203950,,,,,,,,,,,,,,18.321185135381846,77.41245435629239,,,,,,
4_+861751+203951,,,,,,,,,,,,,,18.32127496691026,77.41245435629239,,,,,,
4_+861751+203952,1453.0,24.0,1407.0,1028.0,1178.0,1027.0,1061.0,1092.0,1287.0,1412.0,1339.0,1508.0,274.0,18.32136479843867,77.41245435629239,0.1158333346247673,-0.02476329170167446,0.0,0.0,0.0,
4_+861751+203953,1387.0,16.5,1399.0,1033.0,1135.0,998.5,1040.5,1119.5,1293.0,1406.0,1252.5,1586.0,349.0,18.321454629967082,77.41245435629239,0.09128443151712418,-0.05625516176223755,0.0,0.0,0.0,
4_+861751+203954,1387.0,16.5,1440.0,1126.0,1130.0,997.5,1032.5,1112.0,1212.5,1349.5,1189.0,1449.0,349.0,18.321544461495495,77.41245435629239,0.07063066959381104,-0.09530612826347351,0.0,0.0,0.0,
4_+861752+203945,1387.5,17.5,1378.0,1099.5,1169.0,1051.0,1092.0,1116.0,1208.0,1329.5,1222.5,1425.0,334.5,18.320735977739787,77.4125441878208,0.05642146244645119,-0.05978900566697121,0.0,0.0,0.0,
4_+861752+203946,1387.5,17.5,1424.5,1116.0,1150.5,1041.0,1077.0,1130.0,1223.0,1349.5,1223.0,1440.0,334.5,18.3208258092682,77.4125441878208,0.0634782612323761,-0.07608594745397568,0.0,0.0,0.0,
4_+861752+203947,1387.5,17.5,1424.5,1116.0,1162.0,1034.5,1081.5,1130.0,1223.0,1349.5,1231.0,1440.0,334.5,18.32091564079661,77.4125441878208,0.06480243057012558,-0.0727991908788681,0.0,0.0,0.0,
4_+861752+203948,1387.5,17.5,1442.0,1100.0,1174.0,1054.0,1097.5,1139.5,1264.5,1391.0,1270.5,1472.5,334.5,18.321005472325023,77.4125441878208,0.07327069342136383,-0.0631914809346199,0.0,0.0,0.0,
4_+861752+203949,1387.5,17.5,1442.0,1100.0,1173.0,1059.5,1103.5,1139.5,1264.5,1391.0,1306.5,1472.5,334.5,18.321095303853436,77.4125441878208,0.08423948287963867,-0.04929712414741516,0.0,0.0,0.0,
4_+861752+203950,1321.0,9.0,1416.0,1056.0,1119.0,1005.0,1061.0,1171.0,1378.0,1507.0,1307.0,1714.0,424.0,18.321185135381846,77.4125441878208,0.10388513654470444,-0.0400293804705143,0.0,0.0,0.0,
4_+861752+203951,,,,,,,,,,,,,,18.32127496691026,77.4125441878208,,,,,,
4_+861752+203952,1453.0,24.0,1407.0,1028.0,1212.0,1083.0,1128.0,1092.0,1287.0,1412.0,1395.0,1508.0,274.0,18.32136479843867,77.4125441878208,0.10582640022039413,-0.004282655194401741,0.0,0.0,0.0,
4_+861752+203953,1387.0,16.5,1399.0,1033.0,1168.0,1037.0,1094.5,1119.5,1293.0,1406.0,1309.5,1586.0,349.0,18.321454629967082,77.4125441878208,0.0892617478966713,-0.03323103114962578,0.0,0.0,0.0,
4_+861752+203954,1387.0,16.5,1440.0,1126.0,1171.5,1054.0,1117.5,1112.0,1212.5,1349.5,1327.5,1449.0,349.0,18.321544461495495,77.4125441878208,0.08589427173137665,-0.040507666766643524,0.0,0.0,0.0,
4_+861753+203944,1387.5,17.5,1354.5,1090.5,1171.0,1052.0,1108.5,1094.5,1193.0,1316.0,1240.5,1417.5,334.5,18.320646146211374,77.41263401934921,0.05617464333772659,-0.04398968070745468,0.0,0.0,0.0,
4_+861753+203945,1387.5,17.5,1354.5,1090.5,1156.5,1036.5,1088.0,1094.5,1193.0,1316.0,1224.0,1417.5,334.5,18.320735977739787,77.41263401934921,0.05887513980269432,-0.05065136402845383,0.0,0.0,0.0,
4_+861753+203946,1387.5,17.5,1367.5,1105.5,1156.0,1033.5,1081.0,1093.0,1173.0,1309.5,1199.0,1402.0,334.5,18.3208258092682,77.41263401934921,0.05177582800388336,-0.06569217145442963,0.0,0.0,0.0,
4_+861753+203947,1387.5,17.5,1367.5,1105.5,1167.0,1035.5,1080.5,1093.0,1173.0,1309.5,1218.5,1402.0,334.5,18.32091564079661,77.41263401934921,0.06002609804272652,-0.057682689279317856,0.0,0.0,0.0,
4_+861753+203948,1387.5,17.5,1368.0,1111.5,1168.0,1054.0,1091.5,1099.0,1187.5,1319.5,1244.5,1422.5,334.5,18.321005472325023,77.41263401934921,0.06551165133714676,-0.04732992500066757,0.0,0.0,0.0,
4_+861753+203949,1387.5,17.5,1368.0,1111.5,1162.0,1047.0,1093.5,1099.0,1187.5,1319.5,1246.0,1422.5,334.5,18.321095303853436,77.41263401934921,0.06492391973733902,-0.04690471291542053,0.0,0.0,0.0,
4_+861753+203950,1387.0,16.5,1334.5,1054.0,1155.5,1029.5,1065.5,1065.0,1156.5,1291.0,1215.0,1396.0,349.0,18.321185135381846,77.41263401934921,0.06547892093658447,-0.046948354691267014,0.0,0.0,0.0,
4_+861753+203951,1387.0,16.5,1334.5,1054.0,1136.5,1012.5,1029.0,1065.0,1156.5,1291.0,1199.5,1396.0,349.0,18.32127496691026,77.41263401934921,0.07662882655858994,-0.053281135857105255,0.0,0.0,0.0,
4_+861753+203952,1387.0,16.5,1351.5,1016.0,1132.0,995.0,1020.0,1058.0,1172.5,1300.0,1183.0,1374.0,349.0,18.32136479843867,77.41263401934921,0.07423187792301178,-0.06640292704105377,0.0,0.0,0.0,
4_+861753+203953,1387.0,16.5,1351.5,1016.0,1129.0,1000.0,1031.5,1058.0,1172.5,1300.0,1192.0,1374.0,349.0,18.321454629967082,77.41263401934921,0.07232523709535599,-0.06280088424682617,0.0,0.0,0.0,
4_+861753+203954,1387.0,16.5,1428.0,1094.0,1141.0,1021.0,1033.5,1139.5,1276.5,1422.5,1290.5,1509.0,349.0,18.321544461495495,77.41263401934921,0.11118173599243164,-0.0505443699657917,0.0,0.0,0.0,
4_+861754+203944,1387.5,17.5,1354.5,1090.5,1180.0,1049.0,1105.5,1094.5,1193.0,1316.0,1248.5,1417.5,334.5,18.320646146211374,77.41272385087761,0.060608476400375366,-0.040856070816516876,0.0,0.0,0.0,
4_+861754+203945,1387.5,17.5,1354.5,1090.5,1169.5,1032.5,1092.5,1094.5,1193.0,1316.0,1213.0,1417.5,334.5,18.320735977739787,77.41272385087761,0.0522746667265892,-0.05514343082904816,0.0,0.0,0.0,
4_+861754+203946,1387.5,17.5,1367.5,1105.5,1163.5,1041.0,1099.5,1093.0,1173.0,1309.5,1228.5,1402.0,334.5,18.3208258092682,77.41272385087761,0.05555129051208496,-0.05354214087128639,0.0,0.0,0.0,
4_+861754+203947,1387.5,17.5,1367.5,1105.5,1179.0,1062.0,1118.5,1093.0,1173.0,1309.5,1263.0,1402.0,334.5,18.32091564079661,77.41272385087761,0.06069684773683548,-0.03975311294198036,0.0,0.0,0.0,
4_+861754+203948,1387.5,17.5,1368.0,1111.5,1177.0,1064.0,1127.5,1099.0,1187.5,1319.5,1262.0,1422.5,334.5,18.321005472325023,77.41272385087761,0.05619984120130539,-0.04039713740348816,0.0,0.0,0.0,
4_+861754+203949,1387.5,17.5,1368.0,1111.5,1174.0,1050.0,1102.0,1099.0,1187.5,1319.5,1241.5,1422.5,334.5,18.321095303853436,77.41272385087761,0.059259649366140366,-0.048717036843299866,0.0,0.0,0.0,
4_+861754+203950,1387.0,16.5,1334.5,1054.0,1153.5,1018.0,1061.0,1065.0,1156.5,1291.0,1193.0,1396.0,349.0,18.321185135381846,77.41272385087761,0.058318037539720535,-0.056210458278656006,0.0,0.0,0.0,
4_+861754+203951,1387.0,16.5,1334.5,1054.0,1128.5,998.0,1014.5,1065.0,1156.5,1291.0,1143.5,1396.0,349.0,18.32127496691026,77.41272385087761,0.059859368950128555,-0.07717478275299072,0.0,0.0,0.0,
4_+861754+203952,1387.0,16.5,1351.5,1016.0,1132.0,984.5,1002.5,1058.0,1172.5,1300.0,1131.0,1374.0,349.0,18.32136479843867,77.41272385087761,0.060372840613126755,-0.08875402808189392,0.0,0.0,0.0,
4_+861754+203953,1387.0,16.5,1351.5,1016.0,1117.5,989.0,992.5,1058.0,1172.5,1300.0,1197.5,1374.0,349.0,18.321454629967082,77.41272385087761,0.09354032576084137,-0.06052263081073761,0.0,0.0,0.0,
4_+861755+203944,1387.5,17.5,1340.5,1081.0,1162.0,1038.0,1092.0,1082.0,1161.0,1276.5,1210.5,1398.5,334.5,18.320646146211374,77.41281368240602,0.05134914815425873,-0.05103345215320587,0.0,0.0,0.0,
4_+861755+203945,1387.5,17.5,1340.5,1081.0,1174.0,1023.0,1074.5,1082.0,1161.0,1276.5,1194.0,1398.5,334.5,18.320735977739787,77.41281368240602,0.05281982570886612,-0.057775769382715225,0.0,0.0,0.0,
4_+861755+203946,1387.5,17.5,1379.0,1113.5,1164.5,1053.0,1107.5,1120.5,1198.0,1345.0,1237.0,1403.5,334.5,18.3208258092682,77.41281368240602,0.055400874465703964,-0.054254431277513504,0.0,0.0,0.0,
4_+861755+203947,1387.5,17.5,1379.0,1113.5,1188.5,1078.0,1132.5,1120.5,1198.0,1345.0,1274.5,1403.5,334.5,18.32091564079661,77.41281368240602,0.05897068977355957,-0.03939281404018402,0.0,0.0,0.0,
4_+861755+203948,1387.5,17.5,1387.0,1104.0,1182.0,1068.0,1126.5,1115.0,1215.0,1324.5,1278.0,1416.5,334.5,18.321005472325023,77.41281368240602,0.06283529102802277,-0.04106942564249039,0.0,0.0,0.0,
4_+861755+203949,1387.5,17.5,1387.0,1104.0,1178.0,1042.5,1105.0,1115.0,1215.0,1324.5,1240.0,1416.5,334.5,18.321095303853436,77.41281368240602,0.05740631744265556,-0.056113965809345245,0.0,0.0,0.0,
4_+861755+203950,1387.0,16.5,1285.0,1016.0,1153.5,1018.0,1057.0,1035.0,1104.5,1208.0,1185.5,1303.0,349.0,18.321185135381846,77.41281368240602,0.05693075433373451,-0.040610767900943756,0.0,0.0,0.0,
4_+861755+203951,1387.0,16.5,1285.0,1016.0,1134.5,992.0,1019.0,1035.0,1104.5,1208.0,1136.5,1303.0,349.0,18.32127496691026,77.41281368240602,0.05455527827143669,-0.061365291476249695,0.0,0.0,0.0,
4_+861755+203952,1387.0,16.5,1308.5,1017.0,1135.0,977.0,1016.0,1039.5,1129.0,1247.0,1125.0,1351.0,349.0,18.32136479843867,77.41281368240602,0.05115806311368942,-0.07523225247859955,0.0,0.0,0.0,
4_+861755+203953,1387.0,16.5,1308.5,1017.0,1138.0,1007.0,1031.5,1039.5,1129.0,1247.0,1192.0,1351.0,349.0,18.321454629967082,77.41281368240602,0.07241205871105194,-0.04660845175385475,0.0,0.0,0.0,
4_+861756+203943,1398.0,17.5,1343.5,1068.0,1164.5,1051.5,1108.0,1110.5,1181.5,1309.0,1242.0,1392.0,337.0,18.320556314682964,77.41290351393444,0.05684584006667137,-0.039416395127773285,0.0,0.0,0.0,
4_+861756+203944,1387.5,17.5,1340.5,1081.0,1155.5,1030.0,1074.0,1082.0,1161.0,1276.5,1189.0,1398.5,334.5,18.320646146211374,77.41290351393444,0.05078747868537903,-0.05991560220718384,0.0,0.0,0.0,
4_+861756+203945,1387.5,17.5,1340.5,1081.0,1168.0,1024.0,1072.5,1082.0,1161.0,1276.5,1201.5,1398.5,334.5,18.320735977739787,77.41290351393444,0.05690070986747742,-0.05466558411717415,0.0,0.0,0.0,
4_+861756+203946,1387.5,17.5,1379.0,1113.5,1170.0,1049.0,1102.0,1120.5,1198.0,1345.0,1244.0,1403.5,334.5,18.3208258092682,77.41290351393444,0.06083804368972778,-0.05144179239869118,0.0,0.0,0.0,
4_+861756+203947,1387.5,17.5,1379.0,1113.5,1185.0,1072.0,1148.0,1120.5,1198.0,1345.0,1298.0,1403.5,334.5,18.32091564079661,77.41290351393444,0.061372075229883194,-0.030247323215007782,0.0,0.0,0.0,
4_+861756+203948,1387.5,17.5,1387.0,1104.0,1177.0,1068.5,1136.0,1115.0,1215.0,1324.5,1297.0,1416.5,334.5,18.321005472325023,77.41290351393444,0.06596806645393372,-0.033717215061187744,0.0,0.0,0.0,
4_+861756+203949,1387.5,17.5,1387.0,1104.0,1182.5,1043.0,1100.5,1115.0,1215.0,1324.5,1234.5,1416.5,334.5,18.321095303853436,77.41290351393444,0.05726592615246773,-0.05828054994344711,0.0,0.0,0.0,
4_+861756+203950,1387.0,16.5,1285.0,1016.0,1146.0,1016.5,1045.5,1035.0,1104.5,1208.0,1171.5,1303.0,349.0,18.321185135381846,77.41290351393444,0.05663243681192398,-0.04638441652059555,0.0,0.0,0.0,
4_+861756+203951,1387.0,16.5,1285.0,1016.0,1118.5,995.5,1013.0,1035.0,1104.5,1208.0,1124.0,1303.0,349.0,18.32127496691026,77.41290351393444,0.05202194303274155,-0.06685978919267654,0.0,0.0,0.0,
4_+861756+203952,1387.0,16.5,1308.5,1017.0,1125.0,988.5,1018.0,1039.5,1129.0,1247.0,1150.5,1351.0,349.0,18.32136479843867,77.41290351393444,0.061305977404117584,-0.06407245993614197,0.0,0.0,0.0,
4_+861756+203953,1387.0,16.5,1308.5,1017.0,1144.5,1012.5,1055.5,1039.5,1129.0,1247.0,1229.0,1351.0,349.0,18.321454629967082,77.41290351393444,0.07664503157138824,-0.031182371079921722,0.0,0.0,0.0,
4_+861757+203943,1393.0,17.0,1417.5,1076.0,1150.5,1013.5,1054.0,1081.0,1254.0,1365.5,1187.5,1477.5,368.5,18.320556314682964,77.41299334546285,0.059424590319395065,-0.08847309648990631,0.0,0.0,0.0,
4_+861757+203944,1393.0,17.0,1417.5,1076.0,1151.5,1022.5,1053.0,1081.0,1254.0,1365.5,1203.5,1477.5,368.5,18.320646146211374,77.41299334546285,0.06675484776496887,-0.08170842379331589,0.0,0.0,0.0,
4_+861757+203945,1393.0,17.0,1417.5,1076.0,1151.5,1022.5,1053.0,1081.0,1254.0,1365.5,1203.5,1477.5,368.5,18.320735977739787,77.41299334546285,0.06675484776496887,-0.08170842379331589,0.0,0.0,0.0,
4_+861757+203946,1393.0,17.0,1425.5,1119.0,1159.5,1031.0,1076.0,1113.0,1230.0,1352.5,1219.5,1488.0,368.5,18.3208258092682,77.41299334546285,0.0627208799123764,-0.07786896079778671,0.0,0.0,0.0,
4_+861757+203947,1393.0,17.0,1425.5,1119.0,1184.0,1067.0,1138.5,1113.0,1230.0,1352.5,1278.5,1488.0,368.5,18.32091564079661,77.41299334546285,0.05812033265829086,-0.05436139181256294,0.0,0.0,0.0,
4_+861757+203948,1393.0,17.0,1419.0,1098.5,1198.5,1090.5,1147.5,1106.0,1231.5,1368.5,1289.0,1487.5,368.5,18.321005472325023,77.41299334546285,0.057838041335344315,-0.04822172597050667,0.0,0.0,0.0,
4_+861757+203949,1393.0,17.0,1419.0,1098.5,1167.5,1050.0,1088.0,1106.0,1231.5,1368.5,1225.5,1487.5,368.5,18.321095303853436,77.41299334546285,0.058581821620464325,-0.07396011799573898,0.0,0.0,0.0,
4_+861757+203950,1397.0,17.0,1361.5,1041.5,1142.5,1004.5,1020.5,1056.0,1197.0,1340.0,1157.0,1483.5,360.0,18.321185135381846,77.41299334546285,0.06255019456148148,-0.08135214447975159,0.0,0.0,0.0,
4_+861757+203951,1397.0,17.0,1361.5,1041.5,1127.0,985.0,1016.5,1056.0,1197.0,1340.0,1138.5,1483.5,360.0,18.32127496691026,77.41299334546285,0.05679505318403244,-0.0892053097486496,0.0,0.0,0.0,
4_+861757+203952,1387.0,16.5,1308.5,1017.0,1125.0,988.5,1018.0,1039.5,1129.0,1247.0,1150.5,1351.0,349.0,18.32136479843867,77.41299334546285,0.061305977404117584,-0.06407245993614197,0.0,0.0,0.0,
4_+861758+203945,1393.0,17.0,1425.5,1119.0,1150.5,1024.0,1049.5,1113.0,1230.0,1352.5,1283.0,1488.0,368.5,18.320735977739787,77.41308317699126,0.09994680434465408,-0.053039565682411194,0.0,0.0,0.0,
4_+861758+203946,1393.0,17.0,1425.5,1119.0,1160.0,1029.0,1089.5,1113.0,1230.0,1352.5,1293.0,1488.0,368.5,18.3208258092682,77.41308317699126,0.08557511121034622,-0.04878559708595276,0.0,0.0,0.0,
4_+861758+203947,1393.0,17.0,1425.5,1119.0,1160.0,1029.0,1089.5,1113.0,1230.0,1352.5,1293.0,1488.0,368.5,18.32091564079661,77.41308317699126,0.08557511121034622,-0.04878559708595276,0.0,0.0,0.0,
4_+861758+203948,1393.0,17.0,1419.0,1098.5,1158.0,1049.5,1106.5,1106.0,1231.5,1368.5,1319.5,1487.5,368.5,18.321005472325023,77.41308317699126,0.08775676041841507,-0.03639426827430725,0.0,0.0,0.0,
4_+861758+203949,1393.0,17.0,1419.0,1098.5,1167.5,1050.0,1088.0,1106.0,1231.5,1368.5,1225.5,1487.5,368.5,18.321095303853436,77.41308317699126,0.058581821620464325,-0.07396011799573898,0.0,0.0,0.0,
4_+861758+203950,1397.0,17.0,1361.5,1041.5,1142.5,1004.5,1020.5,1056.0,1197.0,1340.0,1157.0,1483.5,360.0,18.321185135381846,77.41308317699126,0.06255019456148148,-0.08135214447975159,0.0,0.0,0.0,
4_+861758+203951,1397.0,17.0,1361.5,1041.5,1127.0,985.0,1016.5,1056.0,1197.0,1340.0,1138.5,1483.5,360.0,18.32127496691026,77.41308317699126,0.05679505318403244,-0.0892053097486496,0.0,0.0,0.0,
4_+861758+203952,1397.0,17.0,1424.0,1063.0,1138.0,996.0,1036.5,1075.0,1234.0,1336.5,1179.5,1463.5,360.0,18.32136479843867,77.41308317699126,0.0647425651550293,-0.09390781819820404,0.0,0.0,0.0,
4_+861759+203948,1393.0,17.0,1419.0,1098.5,1156.0,1034.0,1070.5,1106.0,1231.5,1368.5,1274.0,1487.5,368.5,18.321005472325023,77.41317300851968,0.0864107608795166,-0.05419200658798218,0.0,0.0,0.0,
4_+861759+203949,1393.0,17.0,1419.0,1098.5,1156.0,1034.0,1070.5,1106.0,1231.5,1368.5,1274.0,1487.5,368.5,18.321095303853436,77.41317300851968,0.0864107608795166,-0.05419200658798218,0.0,0.0,0.0,
4_+861759+203950,1397.0,17.0,1361.5,1041.5,1139.5,997.0,1024.0,1056.0,1197.0,1340.0,1201.0,1483.5,360.0,18.321185135381846,77.41317300851968,0.07944058626890182,-0.06275184452533722,0.0,0.0,0.0,
4_+861759+203951,1397.0,17.0,1361.5,1041.5,1131.5,1001.0,1034.5,1056.0,1197.0,1340.0,1247.0,1483.5,360.0,18.32127496691026,77.41317300851968,0.09281360357999802,-0.04448539763689041,0.0,0.0,0.0,
